,Longitude,Latitude,mean_value_NO2,nightlight_450,nightlight_3150,population_1000,population_3000,road_class_2_25,road_class_3_3000,road_class_3_300,trop_mean_filt_2019,BldDen100,NDVI,trafBuf25,trafBuf50
0,10.008293,48.397079,29.25049983,22.585377,13.402575,8123.319336,54316.64453,0.0,203502.4219,4167.064941,5.82e-05,1.000663452,2310.0,0.0,0.0
1,10.021227,53.523262,32.09893625,23.546194,22.862799,9558.207031,76786.28125,0.0,99596.04688,1850.278076,8.09e-05,0.978244756,2518.0,0.0,0.0
2,10.053859,53.592301,58.70374395,18.29014,16.493486,10471.54102,88439.60938,46.359188,265563.7188,2016.838379,7.6e-05,0.914638137,3216.0,674.7916667,674.7916667
3,10.081685,53.52902,24.2492763,23.645823,18.248226,11165.94531,76961.0,0.0,97921.5625,478.363281,7.44e-05,0.712982933,1052.0,0.0,0.0
4,10.096292,48.847917,19.91211586,14.026642,5.514785,6017.51123,30814.58984,0.0,176265.6875,3338.221191,4.68e-05,1.00064137,3240.0,0.0,0.0
5,10.1056,54.34761,12.77460235,10.782382,9.647435,5727.92041,55458.4375,0.0,189140.375,2354.683838,4.54e-05,0.56383569,3959.0,0.0,0.0
6,10.110595,53.63074,16.57348187,5.603774,7.275455,7073.637207,59830.94141,0.0,220573.6563,1875.949829,6.35e-05,0.531829584,5484.0,0.0,0.0
7,10.116563,54.309674,16.45755558,21.482809,15.213507,9508.3125,61249.29688,0.0,184198.8125,768.187256,4.38e-05,0.543958893,2767.0,0.0,0.0
8,10.122364,54.304242,56.70557988,17.584509,14.185166,8481.643555,58855.85156,0.0,176717.2813,2896.705078,4.31e-05,0.929323817,2843.0,0.0,0.0
9,10.135158,54.304676,41.57470413,26.395731,15.497952,9497.020508,62611.19922,0.0,188735.9688,3427.970703,4.27e-05,1.000666452,2619.0,0.0,0.0
10,10.232076,50.048397,23.200499,28.632786,13.579382,7147.34375,41015.28906,0.0,183477.3906,3731.666748,5.12e-05,0.632598229,2581.0,0.0,0.0
11,10.23854,51.50758,11.377032,3.304234,1.031076,2356.555176,10887.17188,0.0,71752.3125,1622.805786,4.25e-05,0.707681573,5414.0,0.0,0.0
12,10.240596,54.09323,9.008212992,0.001368,0.205652,33.54018,2524.043945,0.0,30844.875,0.0,4.33e-05,0.0,6725.0,0.0,0.0
13,10.306561,47.72514,20.11613892,13.132953,6.154352,9720.375,45281.92969,0.0,162002.4531,4007.60791,4e-05,1.000564304,3870.0,0.0,0.0
14,10.317236,50.978292,13.50572769,16.045229,5.469054,6769.301758,24665.21875,0.0,113691.9531,3770.226562,4.12e-05,0.982564061,2704.0,0.0,0.0
15,10.325,49.44406,11.81461048,1.293187,0.643846,708.518982,2396.568604,0.0,43383.57031,1920.522339,4.47e-05,0.685183745,3384.0,0.0,0.0
16,10.375299,50.561754,8.849884781,5.407345,1.045812,2026.696167,5546.063965,0.0,46563.78516,933.003967,3.96e-05,0.49091629,3446.0,0.0,0.0
17,10.404232,47.518013,7.107585508,1.952001,0.307972,472.367584,1827.174072,0.0,13990.53125,901.624573,2.69e-05,0.167233989,5416.0,0.0,0.0
18,10.42275,51.61365,22.55738956,1.019166,0.398931,1476.945923,5191.802734,0.0,49057.34375,2647.013428,3.89e-05,1.00056196,4258.0,29.04166667,29.04166667
19,10.448432,51.205226,25.6064559,7.848123,3.443985,5419.462402,22177.1875,58.194183,131664.4688,2821.472168,3.98e-05,1.000548805,3165.0,10.54166667,10.54166667
20,10.450997,51.207944,14.84080963,9.135498,3.4822,5684.494629,22593.53906,0.0,134483.2969,3972.885254,3.97e-05,0.996493737,3198.0,0.0,0.0
21,10.45591,52.15369,15.98790953,2.219571,7.015236,742.816467,10813.26758,0.0,40610.28125,584.746887,5.13e-05,0.318806873,3926.0,0.0,234.6666667
22,10.4565,53.24696,16.12049137,9.440699,4.311419,4715.109863,24816.60938,0.0,110745.125,723.241638,4.49e-05,0.568177071,4667.0,0.0,0.0
23,10.47364,52.22694,13.51893448,1.408327,2.953646,1699.768311,22096.33203,0.0,91568.74219,25.20023,5.12e-05,0.228600122,3991.0,0.0,0.0
24,10.48132,51.90158,9.801523784,4.744555,2.253393,4051.955811,14040.27246,0.0,66866.85938,1999.0448,3.84e-05,0.97752778,3119.0,0.0,0.0
25,10.54055,52.26673,34.52371616,16.759285,12.505239,7619.430664,56865.37891,121.077057,220261.3125,4434.568359,5.22e-05,1.000528882,2798.0,234.6666667,234.6666667
26,10.572297,49.304889,31.75555456,15.930489,4.619153,5674.21875,20060.07031,100.65313,134565.2969,1862.915527,4.94e-05,0.938015333,1835.0,253.7083333,253.7083333
27,10.59772,48.95218,14.80263594,7.205743,1.55569,1992.238281,4268.888672,0.0,52723.46094,2147.254395,4.79e-05,0.768209877,3574.0,0.0,0.0
28,10.61248,51.75816,5.648244755,0.0,0.109089,123.120697,573.041504,0.0,6546.740234,0.0,3.24e-05,0.0,4861.0,0.0,0.0
29,10.618275,51.798629,3.593723217,0.262688,0.016482,125.484444,126.036133,0.0,0.0,0.0,3.39e-05,0.015189198,4682.0,0.0,0.0
30,10.664881,53.87453,32.52516609,16.023867,10.798458,7798.769043,55121.62109,57.106949,193908.5313,1476.121826,5.33e-05,1.000506166,1920.0,454.7083333,454.7083333
31,10.668641,50.653245,14.41176232,9.795706,2.618886,2996.199219,9384.149414,0.0,54399.31641,3911.334229,3.79e-05,0.954771051,2032.0,0.0,0.0
32,10.67332,53.862237,26.83923685,19.173674,11.031623,7623.398926,57468.10938,70.754814,196243.3125,2498.077637,5.24e-05,1.000503001,1940.0,454.7083333,454.7083333
33,10.693092,50.61153,27.7066545,8.184977,3.97402,5624.871582,17941.03516,0.0,126535.0,3161.644287,3.66e-05,0.876119016,1752.0,0.0,0.0
34,10.695936,53.835492,13.09937956,12.218112,5.625757,4255.746582,27148.38867,0.0,117068.2969,1667.207764,4.97e-05,1.000494516,3045.0,0.0,0.0
35,10.756733,52.800773,6.539858686,0.0,0.0,3.22454,181.597137,0.0,11039.37598,0.0,4.13e-05,0.104152963,5545.0,0.0,0.0
36,10.769534,50.654066,4.403902397,0.0,0.121693,422.579346,524.063782,0.0,16914.28906,731.688477,3.76e-05,0.097721462,3059.0,0.0,0.0
37,10.775796,53.698939,33.95987274,2.341286,0.760235,1923.39978,11582.99609,25.056623,78115.1875,3171.070312,4.46e-05,1.000462838,2091.0,98.66666667,98.66666667
38,10.787135,50.619181,4.403902397,0.060733,0.162095,0.0,1504.770996,0.0,28002.93555,0.0,3.74e-05,0.0,3068.0,0.0,0.0
39,10.790143,51.839382,13.2508646,20.104641,5.701644,6133.98877,19470.86719,0.0,108868.0781,2836.989258,3.87e-05,0.789472256,3232.0,0.0,0.0
40,10.791404,51.497195,15.87188198,26.459705,8.226113,5726.363281,24360.77734,46.73362,121247.2344,2319.085938,4.29e-05,0.983020728,2194.0,0.0,330.5416667
41,10.793683,52.427886,31.49946716,63.469898,27.283394,6126.272949,32426.06055,0.0,174316.7344,3550.787598,5.5e-05,1.000435008,1519.0,0.0,0.0
42,10.81638,52.44081,17.72190906,12.791963,20.012747,2664.500977,27908.61328,0.0,172216.2031,893.93103,5.19e-05,0.327966689,4176.0,0.0,0.0
43,10.867188,51.333333,5.723478722,0.0,0.201031,40.700718,460.540527,0.0,6159.711914,0.0,3.93e-05,0.0,6420.0,0.0,0.0
44,10.887686,49.89833,23.29511969,18.091354,11.137832,8184.483398,49497.48438,0.0,136121.9063,2180.173096,5.18e-05,0.829024291,1958.0,0.0,0.0
45,10.88837,48.376576,25.22286248,21.93749,17.487705,12123.06445,99742.53906,0.0,283658.7813,3433.057861,6.75e-05,0.622567063,2050.0,0.0,0.0
46,10.895029,48.364589,27.53938004,32.37941,17.375845,12625.2207,99156.14063,0.0,271033.8438,3957.470703,6.68e-05,1.000315964,1492.0,0.0,0.0
47,10.896221,48.370237,44.81945324,30.863495,17.580967,12500.95898,101373.8125,0.0,278862.9375,4681.25,6.67e-05,1.000315463,2402.0,0.0,0.0
48,10.903051,48.326013,17.96746568,20.734934,9.153712,8914.53125,45276.77344,0.0,114548.8984,2222.444824,5.8e-05,1.000311113,3684.0,0.0,0.0
49,10.963528,49.605914,17.85833085,6.215135,5.284844,2815.634033,22179.625,0.0,120476.9453,2149.962646,5.8e-05,0.977924349,3546.0,0.0,0.0
50,11.019353,50.984874,33.7717404,17.155064,14.747444,8797.777344,64660.45703,0.0,243303.4531,4492.643066,5.28e-05,1.000306704,2338.0,0.0,0.0
51,11.0248,49.462229,28.24846245,18.557398,16.780367,10570.95117,85779.71875,0.0,209502.9375,2061.806885,7.3e-05,1.00027121,1474.0,0.0,0.0
52,11.02792,49.32273,21.25710578,14.682675,4.960156,7219.12207,28223.47266,0.0,129754.3047,2102.961426,5.53e-05,0.544902375,4570.0,0.0,0.0
53,11.036096,49.440478,42.70352816,21.902529,21.596119,10277.34863,93075.76563,124.975754,238827.6875,4278.701172,7.35e-05,1.000264814,2327.0,431.9166667,431.9166667
54,11.037924,50.979455,19.57261277,24.775791,14.761273,9954.871094,66975.98438,0.0,243841.6719,5979.777832,5.32e-05,1.000297466,2454.0,0.0,0.0
55,11.043386,51.662435,4.325745708,0.0,0.059759,0.0,780.084045,0.0,12821.10156,0.0,3.66e-05,0.0,6667.0,0.0,0.0
56,11.056578,50.993127,13.13134373,8.397532,11.202946,4758.248047,47229.40625,0.0,152264.9375,937.947205,5.13e-05,0.6266265,4132.0,0.0,0.0
57,11.05722,47.47706,10.20870392,7.238806,2.101516,1706.039795,10336.83984,0.0,55546.59766,0.0,2.64e-05,0.294123998,5163.0,0.0,0.0
58,11.057442,51.896982,12.61977115,14.377981,4.550198,5495.947754,23623.28711,0.0,114069.4219,2566.395996,4.33e-05,0.877800088,3043.0,0.0,0.0
59,11.088444,49.44591,33.61028865,36.089542,23.814522,11727.04004,96772.77344,0.0,316255.2813,4716.907227,7.12e-05,1.000237054,1047.0,0.0,0.0
60,11.134593,50.499955,5.443343523,3.625542,1.131743,1515.437012,5604.919434,0.0,35269.75391,0.0,3.62e-05,0.0,4302.0,0.0,0.0
61,11.16705,52.95702,9.79247932,1.813128,0.840567,677.635315,5203.526855,0.0,57052.98828,0.0,4.21e-05,0.762260066,5121.0,0.0,0.0
62,11.172327,52.593136,6.297404233,0.0,0.038262,2.685277,233.082672,0.0,11146.38574,0.0,4.11e-05,0.0,6113.0,0.0,0.0
63,11.220172,47.968753,7.1258552,1.281157,0.330611,221.538498,2459.800293,0.0,28691.95703,0.0,4.33e-05,0.426640191,4239.0,0.0,0.0
64,11.321017,50.982185,16.26678237,14.570078,5.441303,10532.05176,38206.26563,0.0,141431.0938,2952.42041,4.47e-05,1.000148169,2550.0,0.0,0.0
65,11.32607,50.977462,23.13214059,12.85043,5.510382,8085.698242,38097.93359,0.0,146474.0625,3766.76709,4.55e-05,1.000145194,3322.0,0.0,0.0
66,11.362965,53.302352,5.927306083,0.0,0.035494,206.806427,577.257385,0.0,21185.67578,706.502502,3.87e-05,0.497964563,5833.0,0.0,0.0
67,11.368875,50.651182,13.5785435,13.752848,3.521407,5600.080078,17562.35156,0.0,103467.8594,2865.951416,4.27e-05,0.981915954,1670.0,0.0,0.0
68,11.398332,53.631805,18.61263093,14.278656,6.074976,7152.58252,31177.25195,0.0,131652.2031,3980.035889,4.12e-05,1.000182804,1859.0,0.0,0.0
69,11.428766,48.769444,24.69514482,24.12701,16.330574,7788.133789,51900.35547,0.0,197362.1094,2333.673096,6.11e-05,0.926485005,4028.0,0.0,0.0
70,11.442591,50.103135,20.43848224,11.641057,3.141097,6253.734863,17832.16406,0.0,131402.6563,2274.123047,4.54e-05,0.994938297,2447.0,0.0,0.0
71,11.449471,51.759516,26.62909998,12.375986,4.504788,4377.119629,15000.14063,56.210655,95066.42188,3694.473389,4.57e-05,0.977958804,2339.0,373.0833333,373.0833333
72,11.46445,48.18169,24.34315522,8.481931,8.083261,12504.97754,85026.09375,0.0,189332.5,2944.926025,7.37e-05,0.999975347,2278.0,0.0,0.0
73,11.536513,48.149606,78.88171786,33.782764,27.850441,19956.24609,157773.0625,100.121826,301588.1875,3440.961182,8.26e-05,0.999925321,1895.0,3830.333333,3830.333333
74,11.554669,48.154534,31.27666562,23.879719,30.50951,19977.50977,162228.0938,0.0,310753.1563,3067.009277,8.23e-05,0.999912927,3084.0,0.0,0.0
75,11.564924,48.137252,53.71941371,62.10981,30.801077,20300.88672,165271.375,0.0,335687.9375,4538.242676,8.3e-05,0.999905187,941.0,3830.333333,3830.333333
76,11.570088,49.943637,28.79736625,18.716887,6.548541,9323.246094,42236.54297,0.0,162026.8438,3568.849121,4.41e-05,0.999964749,1563.0,241.5416667,241.5416667
77,11.597062,50.933513,15.76761538,12.466928,5.069834,11296.93457,42874.26953,0.0,153406.4688,2349.134277,4.55e-05,0.995167762,3706.0,0.0,0.0
78,11.611464,52.127899,17.52740268,20.616922,16.893696,8230.030273,55761.46094,0.0,239594.9688,3959.358887,5.32e-05,1.000015489,2496.0,0.0,0.0
79,11.631919,52.131742,26.97215754,36.696781,17.286533,8123.949707,58126.14063,0.0,237504.2031,3330.461426,5.22e-05,1.00000329,1559.0,0.0,0.0
80,11.632669,52.12076,34.82776426,25.816965,17.686255,6077.319824,58153.72656,0.0,221710.5313,4568.654297,5.18e-05,1.000002442,1868.0,0.0,0.0
81,11.661233,50.791616,5.670826579,0.0,0.02458,0.117894,464.223572,0.0,19453.52148,0.0,4.05e-05,0.0,5102.0,0.0,0.0
82,11.73846,52.99875,8.450011956,7.180743,3.03189,2707.100342,11662.26563,0.0,80156.46094,2466.689453,4.06e-05,0.793936729,5000.0,0.0,0.0
83,11.738962,51.803534,17.91764079,12.371262,6.992856,3652.306152,17459.03125,0.0,106244.1406,3585.70166,5.31e-05,0.999924407,3010.0,0.0,344.0
84,11.777818,48.853211,11.34661764,0.434232,0.295422,189.289612,1393.250244,0.0,35303.8125,949.782654,4.98e-05,0.051494224,4483.0,0.0,0.0
85,11.850274,52.602056,10.2486441,13.181631,4.1923,4543.007324,19303.56641,0.0,117327.4922,2470.175537,4.3e-05,0.999885385,3794.0,0.0,0.0
86,11.864763,52.268354,12.36167185,8.039787,3.800185,2884.746094,10724.61719,0.0,83875.84375,1703.738037,4.6e-05,0.906292505,2215.0,0.0,0.0
87,11.879245,48.909518,21.07785241,5.626307,3.652564,2117.106934,11021.44922,0.0,116461.8906,2388.897705,5.06e-05,0.770310475,2287.0,0.0,0.0
88,11.891412,51.837306,9.171559703,0.432899,0.13934,196.339523,912.535889,0.0,23025.35938,1021.188965,4.75e-05,0.020048386,4364.0,0.0,0.0
89,11.897492,50.320611,16.28196165,9.438989,4.152959,4872.402344,25884.71289,0.0,145126.3125,1583.037964,4.02e-05,0.926239632,3010.0,0.0,0.0
90,11.948795,48.904228,18.87270358,1.463156,2.254605,596.334351,5068.124512,40.88422,55391.85156,561.624023,4.79e-05,0.350549986,4956.0,582.1666667,582.1666667
91,11.96096,51.197249,16.00112999,10.686007,4.732986,4362.084961,19731.85547,54.696136,118914.8594,1764.153931,5.08e-05,0.435438159,3923.0,535.7083333,535.7083333
92,11.979056,51.496185,16.40622721,15.647725,12.589517,8633.855469,61517.17188,0.0,205704.1563,2875.222656,5.55e-05,0.964209252,2877.0,0.0,0.0
93,11.981314,51.494756,43.35071401,15.647725,12.589517,8663.722656,62960.78906,101.032005,205749.625,2781.385254,5.57e-05,0.964007948,2745.0,438.7916667,438.7916667
94,11.983406,51.475164,26.33047127,24.83952,13.795472,10903.92383,68047.83594,58.01725,203794.2344,2554.115723,5.68e-05,0.830542506,1766.0,438.7916667,438.7916667
95,12.032141,51.321364,12.38926694,5.237989,8.196409,770.388123,6226.778809,0.0,65405.75781,3077.76709,6.02e-05,0.8921612,3062.0,0.0,0.0
96,12.064708,53.817775,6.774713196,0.268446,0.048592,217.292191,532.706787,0.0,18437.14258,2019.6875,2.91e-05,0.334581366,5991.0,0.0,0.0
97,12.0749,50.877923,15.81126311,22.961483,7.152602,7176.029297,37375.38672,0.0,174151.9531,3166.794189,4.74e-05,0.999650922,3703.0,0.0,0.0
98,12.080003,54.17133,11.95752137,16.576452,10.141871,5970.185059,22060.69531,0.0,74779.5,3056.392578,4.26e-05,0.994277788,3677.0,0.0,0.0
99,12.09792,54.17729,17.44413172,16.135149,8.997338,3748.612061,15681.75098,0.0,37704.81641,2007.972778,4.24e-05,0.0,2053.0,0.0,0.0
100,12.099553,54.09262,27.85649264,26.638794,16.132772,7752.754883,44566.00781,146.16362,166308.4219,2060.446289,3.74e-05,0.838230858,3009.0,0.0,0.0
101,12.101557,49.015245,41.44046159,29.013266,15.951349,8299.855469,63702.14063,0.0,244686.1719,3940.13916,5.83e-05,0.941238926,1029.0,0.0,0.0
102,12.128139,49.321955,19.5149331,5.125248,3.329323,1908.562378,12773.2793,0.0,128292.1016,1766.693848,4.61e-05,0.864205579,5252.0,0.0,0.0
103,12.138054,50.486138,21.6979939,14.05159,5.516478,7506.957031,34457.22656,164.927063,168508.6875,2027.71814,4.29e-05,0.679382956,3843.0,310.2083333,310.2083333
104,12.141994,54.092278,34.33341923,33.823528,17.08263,5406.568848,46023.25781,75.051353,173005.8906,3448.648193,3.67e-05,0.79758665,2429.0,0.0,0.0
105,12.157051,48.539801,27.69221696,19.099573,12.481651,7527.768066,47039.97656,0.0,201315.9063,1821.612305,5.57e-05,0.974572147,1555.0,0.0,0.0
106,12.159361,49.67895,24.26994331,15.34832,5.580733,5737.385742,26668.27344,0.0,153715.1875,4522.55127,4.19e-05,0.999524093,1559.0,0.0,0.0
107,12.174105,54.161555,10.3608657,0.414112,3.746727,152.638428,6909.279785,0.0,21341.65625,686.070251,3.88e-05,0.0,5619.0,0.0,0.0
108,12.175512,53.78175,7.872379402,4.97221,2.874088,3066.831055,15025.49707,0.0,82099.32031,2262.706055,2.98e-05,0.975682367,3921.0,0.0,0.0
109,12.188324,47.648459,36.0790888,0.85604,0.701292,989.59436,7982.19043,0.0,79196.6875,1252.689941,3.85e-05,0.194547467,4886.0,1977.583333,2041.851004
110,12.205199,50.655861,14.62736888,14.450114,2.879961,5938.435059,12588.0918,0.0,88885.76563,4532.057617,4.12e-05,0.9231703,2910.0,0.0,0.0
111,12.211112,50.608136,8.384391336,0.34629,0.408992,237.034546,5083.568848,0.0,67131.92969,2315.605469,4.38e-05,0.44994286,4019.0,0.0,0.0
112,12.244764,51.840576,18.17969225,17.24194,6.206749,5984.102539,27267.99805,0.0,135680.3125,4935.137695,5.02e-05,0.999573369,922.0,0.0,0.0
113,12.297411,51.317905,14.84055745,16.578489,11.501141,9183.834961,66770.82813,0.0,157704.0313,1870.61499,5.91e-05,0.482261658,4694.0,0.0,0.0
114,12.302866,51.651166,14.15147137,6.452921,7.23815,2184.416016,13755.99805,0.0,67247.57813,2874.324707,5.24e-05,0.882828173,3864.0,0.0,0.0
115,12.334686,51.335872,37.59925495,20.900642,19.411369,10770.16113,71808.73438,65.242722,182526.7344,4008.052246,5.86e-05,0.999475297,2282.0,504.2083333,504.2083333
116,12.377163,51.344164,40.51016945,65.23204,28.526846,12954.92871,91080.23438,128.189301,278004.8125,2901.299316,5.89e-05,0.905520776,1306.0,504.2083333,504.2083333
117,12.437621,50.987758,17.93939399,16.999949,5.013996,7033.946777,23687.87891,0.0,112440.3672,3233.380127,4.73e-05,0.951264064,2597.0,0.0,0.0
118,12.463929,53.396348,6.454633361,0.196822,0.11365,10.33016,464.207031,0.0,8752.87793,0.0,3.4e-05,0.06845862,4546.0,0.0,0.0
119,12.468739,50.354783,11.92694514,5.712283,1.086679,2210.366455,6285.513184,0.0,62861.63281,2207.747559,3.35e-05,0.0,5346.0,0.0,0.0
120,12.486621,50.720405,25.1264556,16.715378,10.059575,7704.075684,41515.50781,50.038147,160115.8594,2754.714844,4.89e-05,0.999312854,1649.0,319.7916667,319.7916667
121,12.493056,51.125,19.12114432,9.844909,2.302922,4542.312988,10269.04199,44.614883,63430.36719,1845.659912,5.51e-05,0.426399655,3381.0,223.5416667,223.5416667
122,12.538174,48.021657,17.38480863,4.554009,1.782182,2216.226562,8574.515625,0.0,63986.14844,3246.575195,3.92e-05,0.805927095,3389.0,0.0,0.0
123,12.542056,50.826001,19.91841007,12.218078,3.851087,6014.586426,16393.17188,0.0,110472.5547,2603.18335,5.05e-05,0.99927217,2755.0,0.0,0.0
124,12.548376,52.409309,25.74031205,21.224649,8.573621,5287.402344,28927.93164,0.0,101271.7734,1990.671753,4.54e-05,0.776685904,3493.0,0.0,0.0
125,12.548869,49.438464,6.512736314,0.23716,0.094644,57.184532,834.042725,0.0,23824.7793,1102.338989,3.35e-05,0.291214245,4602.0,0.0,0.0
126,12.552303,52.420442,12.44849954,13.407005,8.113503,4489.258301,29903.30664,0.0,110747.0469,1849.749756,4.64e-05,0.442174096,4595.0,0.0,0.0
127,12.561389,52.194225,6.50388472,0.0,0.003811,0.0,74.927399,0.0,1827.499268,0.0,4.43e-05,0.0,4544.0,0.0,0.0
128,12.59827,51.867471,29.26422275,7.226359,5.311045,3557.714111,13177.125,75.043732,59251.69141,3567.466797,4.98e-05,0.999293605,2454.0,373.8333333,373.8333333
129,12.663663,51.870852,11.37186357,9.751345,3.050334,4007.654541,13680.09375,0.0,101574.6094,2079.281006,4.79e-05,0.963790903,3723.0,0.0,0.0
130,12.721938,54.436985,5.154586364,0.219108,0.637892,95.671127,1476.915771,0.0,20439.83594,138.89679,3.13e-05,0.0,6637.0,0.0,0.0
131,12.781387,48.182835,14.26838782,1.321842,2.381772,568.874329,5650.500977,0.0,71471.98438,563.095337,4.93e-05,0.31445806,4879.0,0.0,0.0
132,12.809481,52.93189,17.49121735,7.518982,3.018088,3610.092773,12191.77344,0.0,73585.9375,1904.063477,3.82e-05,0.818950016,4527.0,0.0,0.0
133,12.829314,48.177175,21.32507635,19.601816,16.086906,4121.158203,15855.22656,0.0,88124.94531,2882.955566,4.86e-05,0.788510146,3251.0,0.0,722.0416667
134,12.885194,52.608609,10.40280621,8.829399,2.174879,2856.112061,6843.0,0.0,44489.03516,1409.536011,4.73e-05,0.955722045,4424.0,0.0,0.0
135,12.903367,50.84574,38.09904512,9.816126,13.689794,5536.34668,57437.29688,44.294884,176878.3594,3065.402832,5.5e-05,0.870949932,6036.0,152.5833333,152.5833333
136,12.959368,50.85519,13.78146048,3.366312,6.481964,3505.735107,32848.70703,0.0,86586.57031,513.810852,5.29e-05,0.404297187,5685.0,0.0,0.0
137,12.997278,50.570872,18.53974761,4.37964,1.830014,4031.2229,13901.42969,57.01115,98170.55469,2957.177734,4.55e-05,0.387574863,4662.0,283.0,283.0
138,13.009406,51.303772,8.528443954,0.162371,0.110335,82.663673,458.938873,0.0,15554.23633,0.0,4.44e-05,0.0,6443.0,0.0,0.0
139,13.031662,53.141303,4.225969147,0.0,0.064233,12.107857,264.041992,0.0,11189.94238,0.0,3.7e-05,0.017223918,4886.0,0.0,0.0
140,13.037474,52.393932,34.79640823,16.202822,11.28319,7051.856934,42860.375,54.004917,114043.7422,2902.541504,4.99e-05,0.997617665,3792.0,433.5416667,433.5416667
141,13.059945,52.401352,14.75910351,30.390234,12.934272,11942.46875,50482.8125,0.0,147027.7031,2850.906738,5.18e-05,0.913950521,2872.0,0.0,0.0
142,13.08101,54.31923,17.8873325,13.992676,9.125627,4756.665527,29248.20313,0.0,120637.5313,2780.521729,3.11e-05,0.861366121,3532.0,0.0,0.0
143,13.094618,52.388869,33.89595585,18.050404,12.721516,8959.666016,49319.46875,0.0,168391.4375,3806.89917,5.27e-05,0.998895209,2598.0,0.0,0.0
144,13.123698,52.484168,13.07743989,2.367165,2.017979,1610.771973,11231.75684,0.0,65544.40625,2667.604248,5.32e-05,0.380540284,5979.0,0.0,0.0
145,13.225144,52.473192,11.70041604,0.114224,1.783188,196.854965,4180.272949,0.0,24342.53711,0.0,5.74e-05,0.0,1636.0,0.0,0.0
146,13.26644,53.559784,18.87462273,23.387415,7.796115,7356.777344,31287.91992,0.0,124926.6641,2574.833496,3.18e-05,0.59469842,3322.0,0.0,199.4583333
147,13.296081,52.653269,11.59992724,0.789828,3.495843,762.265991,19074.09766,0.0,159353.4688,483.507385,5.4e-05,0.0,3910.0,0.0,0.0
148,13.31825,52.463611,45.44499844,20.53059,17.059238,16617.0918,122066.3672,0.0,337358.9375,3786.07666,6.64e-05,0.998689008,2454.0,0.0,0.0
149,13.332972,52.5066,45.27167357,63.686974,36.552731,15306.16113,141415.2656,0.0,302988.9688,3843.523193,7.63e-05,0.962453499,1450.0,0.0,0.0
150,13.342138,54.323514,4.325877326,0.787049,0.191621,574.913635,1068.020874,0.0,22957.34766,0.0,2.83e-05,0.193763762,5612.0,0.0,0.0
151,13.346826,50.9163,22.42496099,21.719799,5.897831,7973.465332,28906.68359,42.768852,107648.625,4458.090332,4.63e-05,0.966847592,1942.0,617.4583333,617.4583333
152,13.348775,52.485814,23.93782487,25.54277,29.035522,16948.75977,142373.2813,0.0,316808.1875,2444.399902,7.18e-05,0.97669324,2968.0,0.0,0.0
153,13.349326,52.543041,28.02327072,21.441858,24.181057,15721.78809,128554.7031,0.0,203908.5469,3648.856445,7.39e-05,0.969866721,2437.0,0.0,0.0
154,13.368103,52.398406,12.89507598,8.922575,8.544774,5322.230469,69631.28906,0.0,137678.0938,0.0,5.84e-05,0.416448439,4836.0,0.0,0.0
155,13.38772,52.438115,47.31925935,17.594357,15.95265,13215.88281,122127.0156,151.987061,195410.5156,676.342285,6.24e-05,0.903931757,3864.0,915.5416667,915.5416667
156,13.418833,52.513606,26.91138366,46.59964,42.240818,17276.06445,149484.4531,0.0,284228.2188,3373.036621,7.51e-05,0.894415002,747.0,0.0,0.0
157,13.420573,48.947611,4.375497353,0.0,0.009768,0.0,0.0,0.0,3741.832031,0.0,2.79e-05,0.0,5227.0,0.0,0.0
158,13.422039,48.573629,32.79470108,10.697116,5.224802,4438.489258,23702.47852,25.013893,126234.1641,874.819153,4.47e-05,0.699558131,1984.0,0.0,39.79166667
159,13.424304,52.349703,14.82729895,4.319551,3.432906,2181.255859,12642.51367,0.0,112151.625,2454.137695,5.27e-05,0.814319838,3278.0,0.0,0.0
160,13.430844,52.489451,25.89646203,18.542301,25.419037,15982.36133,128410.1563,0.0,242793.4375,3968.898926,7.18e-05,0.952259203,3683.0,0.0,0.0
161,13.433967,52.481709,50.28900214,20.471781,22.829247,15954.85742,121604.7969,0.0,222867.9375,4304.446289,6.99e-05,0.998576394,1269.0,728.9583333,728.9583333
162,13.441654,52.467534,48.79300661,26.208338,19.30545,16027.25977,117873.6016,0.0,204101.6406,3393.353027,6.75e-05,0.99856725,1765.0,0.0,1495.125
163,13.465078,50.659097,7.609705604,0.005799,0.111578,86.566162,3370.039062,0.0,61904.69922,266.907776,4.63e-05,0.0,7775.0,0.0,0.0
164,13.469931,52.514072,41.55839104,29.105326,29.538931,16917.91992,138273.6875,126.704903,222598.5938,3359.831543,7.2e-05,0.997216528,1826.0,728.9583333,728.9583333
165,13.483079,52.644169,13.60095944,1.447749,3.401088,2373.718994,25032.66797,0.0,84833.71875,1015.362915,5.44e-05,0.0,2463.0,0.0,0.0
166,13.526796,51.462734,11.488929,4.703167,1.199613,2275.864502,6099.563965,0.0,63340.88672,1840.766113,4.71e-05,0.695783444,3570.0,0.0,0.0
167,13.529504,52.485296,19.66846912,18.791441,14.149224,14128.84961,97087.78125,0.0,177470.7813,4352.986328,6.48e-05,0.901329515,2862.0,0.0,0.0
168,13.582269,52.677651,24.20690199,12.400044,3.756088,4791.319824,18810.33594,0.0,130594.7422,2950.339844,5.11e-05,0.917154335,3505.0,916.5416667,916.5416667
169,13.64705,52.447697,12.52701845,3.992688,2.315109,2984.828125,18368.19336,0.0,46353.10156,574.823181,5.23e-05,0.061295932,3849.0,0.0,0.0
170,13.675005,51.119514,12.16614491,0.682767,2.796081,1252.682251,18775.90625,0.0,141871.1719,1407.414062,6.18e-05,0.448964951,5478.0,0.0,0.0
171,13.730205,51.036105,18.08904482,21.324776,16.215698,11494.7666,84765.0625,0.0,235708.9844,2993.217041,6.7e-05,0.885666009,4200.0,0.0,0.0
172,13.731608,51.026294,40.62603002,14.464865,13.408978,9257.000977,68066.80469,133.852798,202529.1094,2509.526611,6.59e-05,0.980037544,2779.0,571.125,571.125
173,13.741397,51.06493,29.73436231,24.116098,18.029615,10992.31348,88318.45313,75.607468,200310.0625,2019.251221,6.7e-05,0.997010395,1248.0,571.125,571.125
174,13.75145,50.731478,6.713232621,1.234943,0.595099,128.611786,813.895813,0.0,18830.62109,279.48465,4.58e-05,0.0,5554.0,0.0,0.0
175,13.822211,52.832467,22.64269277,9.988539,3.444447,3329.267334,14631.80078,45.599098,86472.04688,4982.838867,4.09e-05,0.98622402,2499.0,205.25,205.25
176,13.84825,52.481882,18.92114309,2.26128,1.245637,819.393921,4698.795898,0.0,37827.77344,1578.328369,4.92e-05,0.855360974,2145.0,1005.708333,1005.708333
177,14.015252,52.563835,8.970798667,0.166264,0.0522,116.635025,648.399048,0.0,16344.09375,237.455582,4.35e-05,0.023780571,2809.0,0.0,0.0
178,14.057064,51.897598,6.207636929,0.0,0.008179,0.0,1.738499,0.0,528.153992,0.0,4.32e-05,0.027896932,4319.0,0.0,0.0
179,14.257407,53.520456,6.502282708,0.0,0.021249,68.34671,402.086884,0.0,16159.48535,375.025452,3.46e-05,0.030208103,5220.0,0.0,0.0
180,14.285139,53.064262,8.173633924,11.438848,5.143951,2977.339844,10166.87891,0.0,75736.24219,2693.760742,4.15e-05,0.902250697,3976.0,0.0,0.0
181,14.327998,51.756593,29.65813132,22.779057,9.765059,8769.030273,43053.01563,0.0,170673.8906,4572.251953,5.73e-05,0.997485564,2430.0,0.0,0.0
182,14.33447,51.746848,13.15232845,13.860606,9.457351,7471.117676,40793.16406,0.0,177371.9375,2209.189209,5.65e-05,0.971829388,2614.0,0.0,0.0
183,14.3764,51.5645,9.425081246,7.944459,2.130175,2470.947754,8530.03125,0.0,87208.64063,2730.121338,6.41e-05,0.881124995,2947.0,0.0,0.0
184,14.443771,51.175669,13.87366016,10.07647,4.782402,5707.794434,22999.96094,60.084026,118493.7266,2952.339355,4.79e-05,0.969509233,3720.0,0.0,0.0
185,14.52596,52.33468,12.06672833,11.532557,8.172271,4801.82959,27123.5,0.0,159037.1094,3170.782227,4.4e-05,0.727795492,3553.0,0.0,0.0
186,14.538595,52.337336,32.9599726,19.325607,9.412919,5845.476562,30677.7168,109.903625,165610.5781,3215.379395,4.41e-05,0.941274255,3500.0,452.7083333,452.7083333
187,14.638166,52.146264,9.129764959,10.263781,8.003739,3342.498535,17570.51953,0.0,104548.7891,2136.013672,4.65e-05,0.918983818,2412.0,0.0,0.0
188,14.749731,51.285356,8.22015753,0.0,0.053854,365.266724,1363.940063,0.0,35597.76953,574.916748,4.71e-05,0.717315596,4025.0,0.0,0.0
189,14.822846,50.892377,12.48993845,5.532133,3.408374,3247.932617,17908.78125,0.0,104287.6719,2157.889404,4.98e-05,0.996691064,3611.0,0.0,0.0
190,14.973958,51.155801,22.67586588,16.50769,9.437798,7621.192871,38889.76563,0.0,156372.625,1821.602417,4.73e-05,0.851950782,3985.0,385.4583333,385.4583333
191,3.749458,51.295278,15.05613835,1.060604,0.566366,431.499115,3340.270996,0.0,28314.40625,0.0,8.75e-05,0.170218869,4406.0,0.0,0.0
192,3.916947,51.635556,14.54278983,3.084091,1.828723,510.084167,3973.745605,0.0,62689.73828,374.136292,7.92e-05,0.0,,0.0,0.0
193,4.121389,51.978056,28.10466834,15.604338,48.635914,3027.089844,22885.69141,0.0,38824.15234,465.240356,0.000110551,0.458967437,,0.0,0.0
194,4.227778,51.931944,30.62382874,32.096897,100.999016,6289.384766,36983.04688,0.0,82291.88281,2672.11499,0.000113773,0.883815245,2201.0,0.0,0.0
195,4.289172,52.078056,23.80003823,31.636267,32.542873,19526.88086,152556.2813,0.0,440915.1875,4427.856445,9.47e-05,0.998244368,1382.0,0.0,0.0
196,4.316125,52.075,33.51795714,62.547649,33.463608,19430.93164,145140.6563,0.0,425772.5,5404.715332,9.3e-05,0.998273121,1103.0,0.0,0.0
197,4.326953,51.911389,33.5237679,25.204449,25.728195,10659.71094,52694.66406,0.0,134134.9219,4605.375977,0.000117976,0.857845954,2380.0,0.0,0.0
198,4.35527754,51.86610794,26.47688464,28.055578,33.108524,7586.918945,59368.49219,0.0,110291.2422,2283.377441,0.000109749,0.998291764,2893.0,0.0,0.0
199,4.360286,51.435,17.63502886,6.085185,3.053299,859.870911,7257.086914,0.0,52288.96875,22.413157,9.06e-05,0.0,3653.0,0.0,0.0
200,4.360564,52.039722,26.27165485,34.512497,31.625206,12226.99609,77072.05469,0.0,240385.9375,4393.72168,9.77e-05,0.717709177,2111.0,0.0,0.0
201,4.401389,51.921111,30.65451905,41.989662,31.966093,13159.41797,81118.71875,0.0,207265.1719,5662.296875,0.000113358,0.851636261,1997.0,0.0,0.0
202,4.431111,51.938056,37.25905718,24.568649,26.463511,7471.027832,62119.12109,0.0,223737.5625,4022.281494,0.000108109,0.400771494,3528.0,1324.916667,1798.942342
203,4.45084143,51.78749847,18.295411,2.09058,2.797963,584.106628,7113.730469,0.0,41981.64453,141.905975,8.82e-05,0.049436701,5944.0,0.0,0.0
204,4.461667,51.926944,43.86138845,39.865604,35.826664,8894.609375,70353.35156,26.208359,401415.5625,6465.899414,0.000108858,0.968908226,2658.0,806.5833333,806.5833333
205,4.480289,51.915,31.05791392,75.539658,35.922504,7641.791992,68351.53125,0.0,444277.3125,5844.774414,0.000109854,0.998429888,1295.0,0.0,0.0
206,4.48111105,51.89111328,40.5862995,30.813156,34.55143,7905.258789,61834.46875,127.531685,349289.25,7239.32666,0.000110565,0.99842822,1563.0,381.0,381.0
207,4.48749971,51.89389038,27.76215987,30.808338,33.062397,8087.779785,62030.5,0.0,362755.8438,6472.503906,0.000110246,0.963005201,1969.0,0.0,0.0
208,4.510286,52.298056,14.06741702,0.731506,1.628673,348.087708,6729.452637,0.0,25278.18359,0.0,7.95e-05,0.0,3232.0,0.0,0.0
209,4.513889,51.652778,18.02661665,1.030048,2.174319,183.433258,3476.892578,0.0,39872.83594,843.844055,9.67e-05,0.032898439,6580.0,0.0,0.0
210,4.57472229,51.86888885,37.76173316,49.379997,20.920666,3889.730225,49432.71094,0.0,191692.7344,1334.751343,9.87e-05,0.308806972,3782.0,0.0,0.0
211,4.601922,52.463014,26.53563607,21.857534,23.446232,4536.478516,34327.03906,0.0,72585.76563,3174.610107,8.54e-05,0.0,1564.0,0.0,0.0
212,4.603333,52.493889,18.8530512,27.733618,22.927347,4441.672363,27509.31641,0.0,26547.53125,1390.607178,8.39e-05,0.436820986,3830.0,0.0,0.0
213,4.642319,52.370511,27.04265507,21.232311,16.547443,13169.47266,95442.32813,61.839516,256567.6563,2634.692871,8.47e-05,0.654175198,2446.0,372.6666667,372.6666667
214,4.708214,51.800658,22.54108603,17.63336,13.069267,7678.185547,45516.52344,0.0,157951.7344,3518.763672,8.86e-05,0.998651591,2768.0,0.0,0.0
215,4.715072,52.32745,23.15003743,8.236762,10.162917,678.939392,9938.854492,0.0,49779.03906,0.0,9.92e-05,0.0,4512.0,0.0,0.0
216,4.73,52.4,19.34029966,3.629015,11.687222,1190.117432,24170.26953,0.0,47455.17188,735.811157,9.23e-05,0.0,4386.0,0.0,0.0
217,4.766678,52.287428,22.76938095,36.766491,32.278408,3070.843262,29905.60547,0.0,65978.79688,125.964485,9.42e-05,0.594754986,3095.0,0.0,0.0
218,4.77,52.43,25.87117145,12.78924,16.13566,3706.628174,42407.14063,0.0,27777.5,0.0,9.3e-05,0.0,,0.0,0.0
219,4.773589,52.333561,29.91961452,16.328678,22.420898,2860.167236,40853.32813,0.0,125138.3125,2036.395264,0.000100617,0.930881538,4230.0,0.0,0.0
220,4.780847,51.603333,22.75518032,26.343204,16.921253,9032.339844,57154.46094,0.0,198478.0156,1546.363403,0.000100178,0.758179967,3457.0,0.0,0.0
221,4.79361963,52.37888718,21.05611366,13.444684,21.747868,8734.416016,80018.97656,0.0,118670.0156,823.067322,9.92e-05,0.583448332,3607.0,0.0,0.0
222,4.8166666,52.45000076,21.7975141,18.178207,13.130635,8945.960938,52825.6875,0.0,129376.9375,1276.436768,9.12e-05,0.734120039,2221.0,0.0,0.0
223,4.82500839,51.59360886,32.68024287,20.392078,11.483783,6340.463379,37014.32813,25.284933,162988.8906,1642.540283,9.64e-05,0.625839903,2884.0,0.0,433.25
224,4.832064,52.420219,29.86955573,25.776829,26.574331,8318.298828,82542.53125,0.0,90942.8125,87.456688,9.64e-05,0.0,961.0,0.0,0.0
225,4.838336,52.138889,15.78360199,0.0,0.884753,87.536758,2515.588867,0.0,17556.16016,0.0,7.5e-05,0.139645083,5326.0,0.0,0.0
226,4.84501123,52.38111115,43.48832508,42.351948,33.797169,15107.95801,120971.4375,0.0,196461.8125,2638.67041,9.72e-05,0.993007699,1769.0,1749.166667,1749.166667
227,4.86084175,52.3758316,43.2637065,34.806812,42.237385,15712.50098,128084.5938,0.0,243473.1719,3663.452637,9.4e-05,0.997552078,960.0,0.0,0.0
228,4.866208,52.359714,24.81094337,31.097437,41.855293,15239.64356,136898.9688,0.0,287593.6563,1493.035034,9.03e-05,0.799834974,3361.0,0.0,0.0
229,4.87611961,52.38500214,48.16574608,37.854424,41.103588,15231.88574,122731.4766,0.0,190509.7969,4235.517578,9.4e-05,0.790146023,3805.0,0.0,0.0
230,4.88805819,52.3900032,35.06463218,25.239384,36.977203,10591.0293,116109.9688,51.472958,185408.9688,709.329468,9.37e-05,0.03180873,990.0,580.75,580.75
231,4.9000001,52.35805511,34.85650362,44.55225,43.72126,15662.05664,132482.2344,59.099571,266435.8438,4053.182617,9.07e-05,0.949506179,1700.0,580.75,580.75
232,4.90500307,52.3730545,29.08209049,82.280075,40.909527,14009.62305,123863.4063,0.0,244122.6563,2331.983154,9.16e-05,0.976668434,933.0,0.0,0.0
233,4.923431,51.974639,17.08341811,1.029101,1.006176,518.797913,4326.180664,0.0,40377.51953,919.029724,7.58e-05,0.541348073,5404.0,0.0,0.0
234,4.94389725,52.38888931,23.5426653,18.010702,19.023829,9138.512695,73385.28125,0.0,150003.7813,955.202942,8.76e-05,0.332488959,3886.0,0.0,0.0
235,4.988614,52.203056,32.10715437,4.632362,3.541947,728.100281,9422.826172,0.0,47107.35547,0.0,7.76e-05,0.0,5928.0,0.0,0.0
236,4.98889446,52.32138824,22.12298893,15.837851,19.657148,7463.553223,58137.55078,0.0,122431.3203,278.920288,8.55e-05,0.622513139,3802.0,0.0,0.0
237,5.050842,52.804722,11.93491873,31.797735,45.35025,91.5327,1291.117188,0.0,6026.286133,0.0,6.15e-05,0.0,5185.0,0.0,0.0
238,5.121114,52.068889,30.27351063,19.090389,24.24,12515.31152,81878.3125,0.0,230673.8438,4761.165039,8.49e-05,0.953913246,2288.0,0.0,0.0
239,5.125286,52.106111,28.17205501,17.746143,18.935888,13142.80078,89046.88281,0.0,284489.0,4191.137695,8.41e-05,0.989856621,3932.0,0.0,0.0
240,5.128333,52.102222,21.65350281,18.676455,20.695179,13757.28516,93143.9375,0.0,287760.1875,3559.564697,8.36e-05,0.901411043,2555.0,0.0,0.0
241,5.148903,51.519444,20.53100315,0.950276,1.459969,293.506775,4563.220703,0.0,26836.61133,533.80957,8.5e-05,0.415526302,5340.0,0.0,0.0
242,5.181553,52.235083,23.26486953,13.807837,9.204523,12159.3125,49590.85938,129.080765,97505.52344,1263.639282,7.68e-05,0.947094798,2854.0,528.3333333,528.3333333
243,5.235903,52.257361,18.49874708,9.29531,6.013189,4334.260254,18294.89844,0.0,126032.8672,2553.072266,7.3e-05,0.672726725,3893.0,0.0,0.0
244,5.393333,51.4075,18.82718005,14.924675,10.021893,6004.892578,32734.55078,0.0,136688.0625,4009.974365,9.28e-05,0.276787483,3811.0,0.0,0.0
245,5.4289,51.44528,29.09586955,18.0833,24.816061,4182.883301,54541.12109,0.0,226627.4688,488.746582,9.47e-05,0.14888137,4472.0,0.0,0.0
246,5.472783,51.469722,24.24161698,36.021629,23.399303,9168.821289,64783.86719,0.0,218060.2344,2543.07959,9.45e-05,0.937372521,3143.0,0.0,0.0
247,5.57349157,52.91691589,9.579690677,0.004053,0.33956,18.296518,3538.900146,0.0,15973.47168,0.0,5.13e-05,0.0,4838.0,0.0,0.0
248,5.593378,52.423211,13.15773071,0.0,0.08346,148.396027,1383.597778,0.0,7558.783203,0.0,6.59e-05,0.0,6319.0,0.0,0.0
249,5.708619,52.1125,15.02149589,2.632999,0.570858,1519.478882,5253.990234,0.0,18340.90039,600.341064,7.46e-05,0.401120646,4044.0,0.0,0.0
250,5.853614,51.541111,18.12247755,2.034976,0.684437,430.902527,2757.386719,0.0,7551.720703,0.0,8.61e-05,0.675590357,5584.0,0.0,0.0
251,5.858061,51.838889,22.48568748,36.130714,14.842609,11526.18359,66039.35938,0.0,246128.0938,5378.666992,8.88e-05,0.983280958,2495.0,0.0,0.0
252,5.858061,51.848889,31.99603715,38.992451,14.48407,9061.546875,61227.97266,0.0,223846.8125,3589.074463,8.9e-05,0.999650258,1754.0,0.0,0.0
253,5.882236,50.903056,14.03914417,2.999257,3.527583,1093.261108,11127.85742,0.0,67371.97656,2445.308105,7.71e-05,0.408218454,4947.0,0.0,0.0
254,5.971114,50.888056,25.97315533,36.091125,11.363604,6779.57666,39558.17188,0.0,161746.4531,4811.183105,7.97e-05,0.953965145,2389.0,957.0,957.0
255,5.986853,50.900317,16.43577666,8.675526,11.328291,4420.401367,42343.3125,0.0,191633.3281,2844.081787,8.04e-05,0.375184923,2257.0,0.0,0.0
256,6.018069,52.655,10.93243727,0.065244,0.345052,211.150208,1589.692505,0.0,11655.48535,138.529205,6.4e-05,0.123610048,,0.0,0.0
257,6.043064,51.120278,16.78611346,2.206053,0.979027,1474.080322,6058.872559,0.0,27973.77344,1580.131592,8.36e-05,0.75367751,2675.0,0.0,0.0
258,6.093826,50.754729,12.5174637,12.758219,10.464824,8463.055664,51330.99219,0.0,148571.8281,2135.01416,7.16e-05,0.981612324,4675.0,0.0,0.0
259,6.09576,50.773126,46.69354706,29.086441,17.88912,12350.31152,83313.69531,25.146179,192473.875,3329.947266,7.38e-05,0.99977025,1472.0,346.0416667,346.0416667
260,6.195834,51.326934,19.39826383,8.019616,3.780894,3723.681885,15851.91895,0.0,71044.07813,1778.427612,9.6e-05,0.328186868,4293.0,0.0,0.0
261,6.277508,53.331667,8.259747997,0.0,0.336955,122.789421,1459.064453,0.0,9194.05957,0.0,4.69e-05,0.0,6372.0,0.0,0.0
262,6.281008,50.653234,5.455517621,0.0,0.236537,71.450363,1715.189331,0.0,16405.08008,0.0,5.35e-05,0.0,3104.0,0.0,0.0
263,6.378081,50.266547,5.226541912,0.0,0.053422,22.82798,264.049377,0.0,12623.49414,502.550629,4.06e-05,0.0,4835.0,0.0,0.0
264,6.403614,52.389167,11.94761757,0.01576,0.337359,36.847492,2243.9375,0.0,24047.14844,537.991211,6.09e-05,0.0,6040.0,0.0,0.0
265,6.439945,51.169434,30.62355911,17.217047,9.679482,8957.59375,61690.76563,0.0,219839.3438,3675.292969,0.00011434,0.88876751,3161.0,468.8333333,468.8333333
266,6.451483,51.033834,18.17490552,1.389882,1.101493,785.481934,3557.086914,0.0,21127.02344,2682.112793,0.000106331,0.729106096,3749.0,0.0,0.0
267,6.45889,51.16996,22.03093661,9.476633,7.975384,7613.5625,55322.625,0.0,212986.4219,3148.77124,0.00011265,0.901876436,3040.0,0.0,0.0
268,6.469463,51.097638,17.86319867,2.375719,4.084981,2098.662354,9519.356445,0.0,64955.49609,1268.020996,0.000122102,0.987244599,3736.0,0.0,0.0
269,6.552037,49.416884,9.11400936,0.677667,0.407617,279.271423,1667.031738,0.0,30888.16016,592.998169,4.82e-05,0.0,5700.0,0.0,0.0
270,6.5789,53.218056,24.63434018,36.303032,19.987068,12401.75684,87569.71094,0.0,301877.5,6660.690918,5.05e-05,0.991088307,1471.0,0.0,0.0
271,6.582205,50.927107,15.7551012,4.241591,3.049181,2651.317871,11645.63672,0.0,81826.64063,2892.859863,0.000103014,0.840426453,2892.0,0.0,0.0
272,6.605839,52.0925,12.93236335,0.0,0.525242,140.172852,5082.303711,0.0,45625.8125,515.942322,6.78e-05,0.181082268,5363.0,0.0,0.0
273,6.608897,53.246944,10.89643426,4.818057,5.756827,3583.797119,32227.85156,0.0,119040.875,1143.247803,4.77e-05,0.36320139,4771.0,0.0,0.0
274,6.629658,51.67286,21.32291498,8.120816,5.077918,5698.663086,28360.79102,0.0,136263.8125,1843.544678,0.000101649,0.899853346,3905.0,0.0,0.0
275,6.646718,49.754231,30.20511918,28.453745,11.398324,8315.447266,43289.48438,0.0,152650.4219,3767.657959,5.52e-05,1.000094196,1916.0,0.0,0.0
276,6.670194,51.342572,28.9908601,22.080029,10.727667,5348.979004,30898.83984,0.0,85686.32031,256.632263,0.000129455,0.644994002,1949.0,0.0,0.0
277,6.690258,49.784023,17.9404944,6.532234,5.431778,5103.550781,23355.80469,0.0,68503.40625,3633.30542,5.33e-05,1.000120913,3354.0,0.0,0.0
278,6.704074,51.219577,27.91812399,34.708927,18.116909,8560.141602,67498.03125,0.0,152472.6406,0.0,0.000140541,0.653830027,1188.0,0.0,0.0
279,6.727486,51.460721,26.36897379,20.242661,24.783815,5611.101562,58923.34375,0.0,157528.7813,1936.938965,0.000137931,0.300390878,2264.0,0.0,0.0
280,6.732353,51.249214,24.41518891,12.572986,18.365538,7352.51416,65832.92969,0.0,182628.1875,1493.011353,0.000140044,0.098630115,4144.0,0.0,0.0
281,6.73354,49.357861,16.6667189,34.167679,14.998257,4423.484863,24437.95703,0.0,103779.5391,3731.289062,6.85e-05,1.000134571,2057.0,0.0,0.0
282,6.735431,51.485492,31.59713063,64.065781,34.775406,8706.041016,59417.46094,0.0,138202.0469,2158.236084,0.000141415,0.734712309,2149.0,0.0,0.0
283,6.748363,51.52403,26.58420819,13.847418,17.357533,7091.030273,56279.71484,0.0,186516.6563,2710.650391,0.000143375,0.745480518,3480.0,0.0,0.0
284,6.753639,49.322646,19.80600934,14.07202,9.122906,3709.965576,25541.69141,45.256676,156571.8281,1844.511719,6.77e-05,0.097813864,2761.0,0.0,627.2916667
285,6.771867,51.437686,36.59063239,36.089745,22.206451,9038.228516,62957.22266,0.0,195607.1875,4440.955078,0.000132575,0.998252873,2666.0,0.0,0.0
286,6.782538,51.213166,56.26593098,31.841877,24.584602,14197.92676,104427.8438,150.001328,244184.7969,3671.886963,0.0001379,1.000210985,1867.0,0.0,0.0
287,6.819887,51.303394,25.86891417,15.094427,8.833524,5899.320312,33624.23828,0.0,120957.6094,1714.020996,0.000120532,0.239139761,4113.0,0.0,0.0
288,6.863629,51.474935,49.02652712,25.047094,17.01964,9511.350586,76242.10938,150.099884,226975.6094,2767.070068,0.000134126,0.883069205,2851.0,1712.291667,1712.291667
289,6.86505,51.453459,25.37584958,16.472797,19.651762,9332.4375,76907.29688,0.0,224658.5938,3100.75,0.000130212,0.886742475,3789.0,0.0,0.0
290,6.867744,49.254344,18.70323935,15.253717,10.287578,4657.34082,25628.85938,0.0,119951.7813,2665.150391,6.08e-05,0.787236088,2820.0,0.0,0.0
291,6.873818,50.876179,19.34495774,9.40904,10.128199,3527.461182,31052.8418,0.0,137964.0,3254.803223,0.000112838,0.896451966,3164.0,0.0,0.0
292,6.874469,51.862042,18.4061975,2.766655,2.85246,3066.563965,16261.00098,0.0,88095.35938,1454.756226,8.05e-05,0.49678757,4061.0,0.0,0.0
293,6.884571,51.019338,22.88664445,9.497531,6.495063,6085.151855,43317.8125,0.0,142315.7031,2455.181152,0.000115148,0.769701,2526.0,0.0,0.0
294,6.933333,52.876667,10.32689048,0.37683,0.240974,565.068909,2050.635254,0.0,17129.4043,0.0,5.46e-05,0.0,5538.0,0.0,0.0
295,6.948776,49.244247,21.54868213,14.093417,9.205589,8284.543945,38775.09766,0.0,139882.7031,3588.274902,5.78e-05,0.962794864,2765.0,0.0,0.0
296,6.957649,50.947268,43.13131638,35.936359,25.151869,11019.86328,98256.14063,140.128693,275401.5938,4777.455078,0.000119131,0.9822126,1180.0,0.0,0.0
297,6.965589,51.406846,31.38799475,4.577239,6.480055,3086.389404,30422.27734,0.0,135946.4219,930.135132,0.000109557,0.033987865,4298.0,0.0,0.0
298,6.97688,51.525955,24.48742801,14.117824,14.599391,5900.880371,60897.88281,0.0,159188.9531,1409.895874,0.000138219,0.885275545,4017.0,0.0,0.0
299,6.980991,51.49654,26.14301773,20.425098,18.837698,11939.64258,89464.29688,0.0,174233.9063,993.703064,0.000132852,0.608557164,888.0,0.0,0.0
300,6.985074,50.889871,28.41261796,9.530809,10.16806,6304.26123,60810.96094,0.0,162831.1875,2326.526855,0.000109387,0.326867925,5040.0,0.0,0.0
301,6.987601,49.233464,26.89551722,32.643463,14.621795,9199.47168,54757.94531,75.229485,183742.9531,3383.984863,6.01e-05,0.934008547,1533.0,289.0,289.0
302,6.990946,51.568051,35.53935455,13.452684,7.911167,7434.949219,50249.11719,0.0,162671.5938,2901.309082,0.000130276,0.650894343,3415.0,0.0,0.0
303,7.003174,49.23074,36.4164797,21.694267,14.264593,8703.927734,50578.22656,53.636963,171497.1094,3107.537109,5.86e-05,1.000280847,1860.0,289.0,289.0
304,7.004605,50.962838,62.76132667,18.247969,14.260493,10973.37012,87683.625,124.362465,179224.4688,3037.63916,0.000110638,0.982242184,1736.0,5112.958333,5112.958333
305,7.004976,51.028931,26.04927622,28.662647,22.793064,8887.230469,60579.98047,0.0,142015.1719,2609.938477,0.000105093,0.889384282,4052.0,0.0,0.0
306,7.005276,51.477899,41.4971852,15.379133,23.975069,10216.62207,96544.03125,87.141869,223884.875,3106.793457,0.000126682,0.953192759,3921.0,1712.291667,1712.291667
307,7.010934,51.031473,46.94489827,22.447165,21.570585,9192.841797,60477.625,0.0,159006.2656,3406.334961,0.000102362,0.970792462,2523.0,0.0,0.0
308,7.030534,51.451176,36.89899644,19.031818,25.432343,11211.49902,89642.15625,0.0,291080.0625,6248.775879,0.000119702,0.889602172,2109.0,0.0,0.0
309,7.036322,49.237227,15.60974781,8.328906,8.611075,4469.227539,36405.02734,0.0,147349.125,3375.992188,5.69e-05,0.703213408,5353.0,0.0,0.0
310,7.052573,51.183782,21.51579513,11.202689,8.389582,7829.651367,59542.61719,0.0,215376.9219,2517.667969,9.54e-05,0.992788058,3507.0,0.0,0.0
311,7.061679,49.299373,28.51047425,7.292734,3.84057,3844.080078,24830.26563,0.0,159457.2188,3574.633301,5.58e-05,0.999237423,2438.0,0.0,0.0
312,7.082648,50.753629,25.44983994,14.898142,11.82271,9883.401367,66969.73438,0.0,205859.0781,2129.322998,8.93e-05,0.895693041,2971.0,0.0,0.0
313,7.08406,51.17615,41.79939697,20.375885,7.874442,10124.61133,58809.26563,130.044937,206513.5313,2949.128418,8.94e-05,0.858861147,2368.0,537.8333333,537.8333333
314,7.084555,51.527901,46.08596569,21.9125,15.147821,8723.246094,68332.72656,103.375046,179063.2188,1935.908936,0.000121675,0.992302292,1705.0,0.0,0.0
315,7.101868,51.53364,25.44698825,11.189397,13.718242,7480.443848,67179.09375,0.0,175591.4219,1909.318604,0.000119114,0.785959571,3941.0,0.0,0.0
316,7.147378,51.260684,49.63586896,17.365433,8.129735,12266.5332,71828.03906,0.0,246735.3906,5428.68457,8.92e-05,1.000389796,2925.0,0.0,0.0
317,7.1864,51.560875,23.50299102,8.659548,11.763431,7135.438477,61312.30859,0.0,163163.6563,2916.225586,0.000113441,0.740160105,3480.0,0.0,0.0
318,7.193411,49.740897,5.18671744,0.0,0.127729,0.0,869.990356,0.0,15422.73047,0.0,4.11e-05,0.0,4276.0,0.0,0.0
319,7.20726,53.36235,15.35409793,15.022226,11.485582,4698.630371,22947.48242,0.0,139797.8594,3394.549561,4.97e-05,0.679754376,2597.0,0.0,0.0
320,7.208546,51.403007,19.49341528,6.720622,5.035856,5339.249512,30381.125,0.0,141123.25,2629.279297,9.51e-05,0.212451574,2856.0,0.0,0.0
321,7.231854,51.277613,23.76848031,10.315838,7.383143,12267.85254,65169.16406,0.0,206010.0313,1375.119629,8.11e-05,0.687164127,4112.0,0.0,0.0
322,7.293543,49.423116,7.141002779,0.134789,0.351807,212.192749,3681.46582,0.0,42753.22656,0.0,4.38e-05,0.0,2744.0,0.0,0.0
323,7.31747,52.49855,14.42449627,2.079486,4.551141,1765.918457,13790.95898,0.0,112219.4688,411.978027,6.87e-05,0.014685389,4641.0,0.0,0.0
324,7.331409,51.641377,19.42746989,6.214406,4.150321,4495.532715,20025.80078,0.0,89367.76563,3498.53418,9.3e-05,0.935809992,3586.0,0.0,0.0
325,7.457409,51.536893,27.0043072,18.284046,20.507366,8182.895508,73228.28125,0.0,167820.5625,1393.813843,0.000105382,0.795524823,5691.0,0.0,0.0
326,7.460718,50.431439,26.42574036,15.390182,7.935506,5732.415527,34917.71094,0.0,149546.0313,3512.961914,7.51e-05,1.000506648,1483.0,0.0,0.0
327,7.46355,51.362818,49.01890109,24.393705,9.006794,9064.925781,51527.00391,0.0,183710.75,4577.923828,7.91e-05,1.000519238,1312.0,430.625,430.625
328,7.464249,51.5196,38.0761203,45.031013,26.005495,9840.916992,80640.48438,23.128698,215294.4219,3427.710205,0.000106168,0.979752401,1901.0,0.0,877.9583333
329,7.481378,50.424685,22.29850003,6.932662,7.152568,4134.712891,32750.80078,0.0,133385.7031,1901.773071,7.55e-05,0.686940702,4659.0,0.0,0.0
330,7.483562,51.523543,50.14502857,20.512075,24.113857,9373.724609,80752.41406,0.0,217627.5469,4207.17627,0.000104633,1.000528441,3264.0,0.0,0.0
331,7.567969,47.819019,18.89043648,4.891114,5.97467,2731.355469,10267.08398,0.0,75676.21094,3171.370117,5.87e-05,0.996762979,3301.0,0.0,0.0
332,7.569761,51.592208,22.70933344,1.120208,2.326155,2349.447754,24244.2793,0.0,117328.3516,1997.866333,9.17e-05,0.925932417,3334.0,0.0,0.0
333,7.582247,51.448797,22.5452374,6.0673,3.749055,4878.901855,25353.56836,0.0,123450.9453,2542.277344,8.23e-05,0.905292638,4391.0,0.0,0.0
334,7.592242,50.359373,40.64804109,27.840021,9.469902,8936.311523,51423.94922,0.0,198103.4844,3522.577881,7.28e-05,1.000553956,1003.0,0.0,0.0
335,7.596633,50.354403,34.43217149,25.425732,8.933427,7225.259277,46717.17969,56.754227,191302.2969,3839.60083,7.19e-05,1.000555439,2002.0,8.0,8.0
336,7.611583,51.936535,18.34268452,8.325098,10.998009,9287.84082,58268.76953,0.0,159455.2188,2420.00293,7.88e-05,0.967128893,2778.0,0.0,0.0
337,7.614573,49.191996,15.73623839,8.591003,4.938958,5946.327637,26499.38672,0.0,148706.0156,3114.922363,3.99e-05,0.970132049,3367.0,0.0,0.0
338,7.619377,51.953278,38.84730644,16.247015,13.597462,9187.253906,73968.15625,0.0,226470.8438,4908.664551,7.93e-05,1.000579238,1937.0,76.375,76.375
339,7.633271,47.588152,17.4133532,5.154236,9.082162,4620.625977,59869.10938,0.0,181010.3594,1251.691162,5.57e-05,0.0,3343.0,0.0,0.0
340,7.693785,51.547479,20.59294313,5.814711,6.922081,4267.522461,30926.82422,0.0,128584.2578,2450.074219,8.03e-05,0.574194837,3933.0,0.0,0.0
341,7.729909,50.424289,8.1619761,0.2406,0.184423,5.640797,686.630249,0.0,5267.679688,0.0,5.13e-05,0.000328866,3567.0,0.0,0.0
342,7.764528,47.809892,3.496811004,0.0,0.008325,0.0,25.602913,0.0,17133.58789,0.0,3.81e-05,0.0,6716.0,0.0,0.0
343,7.7673,49.446,20.36215209,25.753748,8.796047,7200.686523,37461.625,0.0,197741.8438,3016.899902,5.61e-05,0.97136841,2499.0,0.0,0.0
344,7.802317,48.578178,23.80298637,27.937084,21.57193,7504.785156,63397.69531,0.0,165448.9375,621.386475,6.6e-05,0.0,1030.0,0.0,0.0
345,7.826407,49.270263,4.962149861,0.0,0.011305,0.0,71.618629,0.0,6603.521973,0.0,4.12e-05,0.0,7144.0,0.0,0.0
346,7.832122,48.001511,18.45411687,23.352171,16.743462,13362.77539,98606.79688,0.0,216030.7813,2196.369385,5.79e-05,0.812450586,3573.0,0.0,0.0
347,7.85992,47.9882,49.60091176,15.107434,11.29792,8109.222168,58175.35547,0.0,157149.9219,3218.384766,5.48e-05,1.00062247,2075.0,0.0,0.0
348,7.866222,49.841221,22.90650394,20.719616,6.015553,7503.674316,28725.71094,0.0,124103.8047,3763.24292,6.5e-05,1.000637058,1087.0,0.0,0.0
349,7.908035,47.913256,2.121930674,0.055848,0.06389,18.819557,737.127502,0.0,33240.6875,0.0,3.85e-05,0.0,6184.0,0.0,0.0
350,7.94257,52.99796,13.07374809,0.688991,0.273548,1024.99292,3566.907227,0.0,55048.29297,534.396973,5.48e-05,0.752287314,5439.0,0.0,0.0
351,7.973542,50.766815,7.545662196,0.15349,0.70414,119.46756,9724.516602,0.0,92116.27344,0.0,4.89e-05,0.0,4972.0,0.0,0.0
352,8.04147,52.2703,43.93292044,16.544569,11.099477,7351.799316,50807.65625,111.982368,224154.9375,2909.519287,7.11e-05,1.000695337,2672.0,659.9166667,659.9166667
353,8.05286,52.25534,18.11426833,7.076672,9.363497,5329.736816,38795.64063,0.0,176109.7031,1307.764648,6.98e-05,0.196294031,5103.0,0.0,0.0
354,8.059909,50.386426,43.9735341,18.353449,6.565699,5341.949707,24907.39063,102.001816,127753.0781,3032.679443,5.93e-05,1.000690656,1641.0,276.875,282.1686835
355,8.060998,50.383217,21.71542375,16.641356,6.402833,5733.91748,23838.83008,0.0,122370.0547,2601.869385,5.89e-05,1.000690896,4268.0,0.0,0.0
356,8.09059,53.59617,10.33501712,1.157587,2.789101,720.263855,8465.326172,0.0,57832.48828,852.237854,4.9e-05,0.0,4738.0,0.0,0.0
357,8.148023,51.570675,12.34640056,1.058689,3.251018,559.946899,20760.87305,0.0,124966.0156,0.0,6.03e-05,0.0,5920.0,0.0,0.0
358,8.191907,50.930329,5.575449672,0.0,0.03162,0.0,30.504587,0.0,14008.01074,0.0,4.52e-05,0.012058785,5893.0,0.0,0.0
359,8.212084,53.142836,48.88650917,14.388263,6.569778,8157.460938,58066.25391,0.0,242552.9219,2977.847656,5.8e-05,1.000732226,1407.0,0.0,0.0
360,8.216803,50.01755,22.20365759,13.038321,14.551112,9580.611328,61792.77734,0.0,154283.2813,2785.743408,9.83e-05,0.661635396,2365.0,0.0,0.0
361,8.220214,48.773072,16.26905449,6.348592,4.603645,3700.946289,17906.58398,0.0,109483.8359,2342.810059,5.91e-05,0.804469677,2807.0,0.0,0.0
362,8.228865,50.072119,50.36589443,28.72023,20.337362,12008.62988,84582.25,99.061813,263239.3438,2559.819824,9.08e-05,0.997960336,2243.0,550.2083333,550.2083333
363,8.230316,50.077191,49.42723063,31.20982,18.48834,12707.89746,79633.89063,63.105835,261034.6875,4342.410156,8.85e-05,1.000385103,2017.0,550.2083333,550.2083333
364,8.244949,50.050343,27.88437423,15.544388,20.352552,9613.322266,72905.32031,0.0,151341.0469,2473.66748,0.000100035,0.846792017,3067.0,0.0,0.0
365,8.253538,49.052284,17.64630505,6.665586,3.30193,2202.570557,7719.030762,0.0,54500.44141,3095.35791,7.01e-05,0.90265089,2390.0,0.0,0.0
366,8.261131,50.001026,47.92301911,33.490147,19.172295,11908.9707,84612.91406,112.858177,216321.2031,3753.664551,9.86e-05,0.986271665,1708.0,853.2916667,853.2916667
367,8.2658,50.00987,35.87741275,21.630297,19.768702,8857.613281,81274.32813,0.0,197057.0938,3134.645508,9.93e-05,1.000732424,2115.0,0.0,0.0
368,8.268996,49.998837,42.31318552,30.692108,17.961977,10688.66992,82703.09375,0.0,215522.5,3752.323242,9.8e-05,1.000732984,2180.0,0.0,0.0
369,8.273979,49.995016,33.08266699,22.797394,17.281975,10397.61328,83023.95313,0.0,219635.5,2784.802979,9.6e-05,0.951790136,2312.0,0.0,0.0
370,8.3553,49.5333,31.97755523,25.00979,9.937464,6617.292969,34019.64063,0.0,149954.3906,3986.76709,0.000102632,1.000746959,2010.0,0.0,0.0
371,8.355628,49.028594,21.43977877,15.676297,12.969136,10293.29688,66259.82813,0.0,172949.1719,201.943451,7.61e-05,0.921488083,2935.0,0.0,0.0
372,8.360797,51.442993,11.57019777,2.033715,1.265338,2828.161133,10314.92578,0.0,89824.6875,4129.969727,4.59e-05,1.000751965,4164.0,0.0,0.0
373,8.3649,49.6287,26.71290703,24.710672,8.17711,6929.006348,31817.52344,0.0,146776.7344,5883.266602,8.19e-05,1.000748744,1737.0,0.0,0.0
374,8.38719,49.00796,39.37397785,27.352383,15.955245,11460.71387,77102.67188,75.190979,240751.5938,2689.001465,7.42e-05,1.000751079,2492.0,553.25,553.25
375,8.39062,48.22915,36.48460821,4.449713,1.677497,2190.737061,11295.61328,75.72464,92665.10156,4408.125,3.83e-05,0.97504733,4155.0,53.91666667,53.91666667
376,8.402331,49.514959,21.42754067,23.069124,33.291073,6194.207031,48527.85547,0.0,110663.1484,3234.797363,0.000121009,1.000754448,3080.0,0.0,0.0
377,8.40666,49.07655,20.0702207,2.352579,3.019516,1705.288086,16873.91992,0.0,70749.60938,227.431763,6.84e-05,0.009866781,3502.0,0.0,0.0
378,8.423,49.351124,26.48305255,5.988811,5.300392,4295.570312,20152.35352,0.0,86897.125,2611.916748,8.5e-05,0.593537486,3040.0,0.0,0.0
379,8.425897,49.455508,29.67629775,22.942591,12.342249,7570.269043,41085.98438,0.0,146602.5938,2866.178711,0.000109592,0.595238082,2802.0,0.0,0.0
380,8.44385,49.478498,44.65747069,52.485706,31.642054,7989.438965,62663.79297,116.508446,227617.5313,3640.703125,0.000119222,0.979105279,1734.0,0.0,0.0
381,8.446079,50.221941,6.958201674,0.0,0.456372,1.226601,2540.382812,0.0,35475.33984,0.0,5.86e-05,0.010701273,2975.0,0.0,0.0
382,8.451527,50.010325,27.5471373,14.587985,8.151951,5801.467285,30720.82031,0.0,125839.6094,4334.919434,0.000100298,1.0007625,2464.0,0.0,0.0
383,8.463597,48.048656,13.09390744,10.784712,6.093205,4876.92334,23908.99414,0.0,130943.2188,2058.677979,3.97e-05,0.780578457,3094.0,0.0,0.0
384,8.465281,49.544078,25.42507435,20.619366,16.060656,7222.759277,43778.75781,0.0,108523.3906,373.033234,0.000103894,0.455083655,4557.0,0.0,0.0
385,8.47204,49.49256,44.65063062,40.546593,31.28966,8875.480469,69847.34375,104.457245,214178.2188,2602.149414,0.000115525,0.973756938,1617.0,1151.541667,1151.541667
386,8.500619,50.567185,27.37434077,18.341892,5.385921,5878.690918,27459.83398,0.0,163315.4219,3244.752441,5.78e-05,1.000769725,922.0,0.0,0.0
387,8.516798,49.825165,16.20872835,0.923921,1.985649,339.287506,9349.011719,0.0,49243.66797,0.0,7.88e-05,0.0,2121.0,0.0,0.0
388,8.52628,49.00371,36.76000356,5.515522,2.455686,4840.202637,17800.85156,56.342224,80090.00781,3672.822754,6.24e-05,0.961703482,2754.0,553.25,553.25
389,8.542517,50.10175,38.03572621,22.769342,17.231987,13076.02734,63496.9375,0.0,114320.3281,4619.561523,0.000111827,1.000774157,2377.0,0.0,0.0
390,8.548362,52.023155,22.09475639,23.139084,11.648671,9351.342773,63423.66406,0.0,246512.8906,2062.058594,6.46e-05,0.758164646,2497.0,0.0,0.0
391,8.55279,52.00562,32.88290297,12.440989,9.842067,6846.570312,47462.125,85.217651,200944.3594,2530.128662,6.41e-05,0.935722322,2131.0,681.0416667,681.0416667
392,8.569405,53.562455,20.20858887,36.075466,24.749668,7069.935547,40622.52344,0.0,104006.3281,1373.176758,5.43e-05,0.975403741,1533.0,0.0,0.0
393,8.576305,50.075464,23.25148538,3.049866,19.20348,1121.583862,45404.25781,0.0,89461.49219,603.909241,0.000121765,0.301888684,4614.0,0.0,0.0
394,8.59876,53.585262,34.92583928,14.515692,10.657427,5795.674316,37239.44922,146.611267,139321.6875,2343.154541,4.96e-05,0.987492423,3164.0,410.875,410.875
395,8.625456,53.180946,19.21911845,8.257112,5.211266,7170.455566,31121.48828,0.0,142729.0,1485.670898,5.82e-05,0.893007512,2959.0,0.0,0.0
396,8.642,49.643238,33.1613898,8.257372,3.147665,5556.207031,17445.29492,50.71978,74966.42969,1999.95813,7.19e-05,1.000784051,2341.0,778.375,778.375
397,8.653745,49.869457,53.97465332,32.292313,16.720186,10741.43848,66881.16406,51.147964,196163.8906,2257.084961,7.75e-05,1.000785254,1061.0,431.8333333,431.8333333
398,8.664619,49.872303,22.48712785,28.211918,16.807512,9752.181641,61074.38281,0.0,177003.1406,3416.571289,7.69e-05,0.656241505,2775.0,0.0,0.0
399,8.665536,48.889039,22.73814385,13.372978,9.196371,8347.036133,49258.94141,105.23764,207044.2656,4368.394043,6.01e-05,0.915647127,2316.0,0.0,553.25
400,8.668579,50.584108,42.38585739,27.577185,9.158826,7900.978516,42598.89063,0.0,191019.7813,3996.377686,6.47e-05,1.000786944,1762.0,0.0,0.0
401,8.6767,49.419528,24.22349109,15.523825,10.794186,11334.50391,68320.01563,25.006161,147123.4688,1500.562134,7e-05,0.810059885,3173.0,778.375,778.375
402,8.684397,50.532965,16.84065056,0.894617,1.20801,1840.624512,13447.40039,0.0,85062.79688,252.72316,6.16e-05,0.0,4222.0,0.0,0.0
403,8.691911,50.124589,47.13400354,24.215504,32.093185,13864.18457,105911.0703,100.003448,269660.0313,4040.268555,0.000103768,1.000788553,2171.0,296.4166667,296.4166667
404,8.69506,53.1177,13.93695573,6.130599,12.48654,2868.053955,31114.00586,0.0,18131.29492,976.520386,6.85e-05,0.270523939,2544.0,0.0,0.0
405,8.700103,49.300731,17.00071453,9.544646,5.519766,4435.619141,22764.66602,0.0,122432.2422,3600.09668,6.38e-05,0.62694447,3779.0,0.0,0.0
406,8.735047,53.124561,20.72150635,21.505644,12.124331,8186.990723,45099.78125,0.0,73325.98438,527.940247,6.83e-05,0.981150957,913.0,0.0,0.0
407,8.746343,50.125332,33.14756244,34.774399,20.084728,13608.08691,89088.54688,58.634315,166031.8125,433.534149,9.81e-05,0.99400078,2729.0,0.0,296.4166667
408,8.769324,50.804258,21.26065427,9.185516,3.983049,7820.082031,34292.39844,0.0,162881.875,2891.000977,4.99e-05,1.000793984,3185.0,0.0,0.0
409,8.770508,50.807167,35.95121846,10.965616,4.073781,7586.131836,34461.86719,0.0,160228.5781,3528.112793,5.02e-05,1.000794051,1652.0,0.0,0.0
410,8.784892,50.101494,37.61180179,20.098362,14.103963,12380.53906,76232.92188,76.686462,184585.7344,2674.99585,9.28e-05,0.996577082,3158.0,296.4166667,296.4166667
411,8.80122,53.83017,11.04681866,0.004163,0.365848,37.655708,1836.576172,0.0,20705.9375,0.0,5.07e-05,0.103090351,6174.0,0.0,0.0
412,8.81578,53.077151,22.17170718,31.182978,20.386236,8818.624023,64574.25391,0.0,260311.9063,3131.646729,6.64e-05,0.994048742,1626.0,0.0,0.0
413,8.817251,49.653465,8.111632158,0.0,0.397522,1.141143,6081.405273,0.0,52599.78125,0.0,5.26e-05,0.0,6409.0,0.0,0.0
414,8.825173,53.078663,39.48790167,27.992258,18.111216,8747.025391,59693.17969,70.393509,253936.2969,3161.787598,6.67e-05,0.983825546,4253.0,2069.125,2069.125
415,8.904442,48.645608,14.16740341,8.937729,2.240104,5494.880371,15018.14063,0.0,82248.90625,4437.814941,5.28e-05,0.999317334,2522.0,0.0,0.0
416,8.916966,53.060045,22.69677496,22.117634,13.774405,6834.783203,57598.41406,0.0,156269.2656,1665.321045,6.19e-05,0.552387967,4515.0,0.0,2069.125
417,8.92157,50.13577,26.07641925,26.298559,10.046168,7808.779297,43544.59375,0.0,141151.7188,2961.214355,7.69e-05,1.000799708,1830.0,0.0,0.0
418,8.928171,51.430897,8.822942068,0.0,0.047084,25.601643,1177.842163,0.0,26859.8418,0.0,4.1e-05,0.023498698,6324.0,0.0,0.0
419,9.001981,49.672507,15.89163106,11.010352,2.468103,6587.379395,18397.9668,0.0,101418.5,1600.12207,4.92e-05,1.00080048,2515.0,0.0,0.0
420,9.01652,48.80102,43.20138608,9.791759,4.189201,8468.988281,32631.55859,0.0,144412.9219,4191.092773,6.83e-05,1.000800444,3708.0,533.5,533.5
421,9.031754,51.154843,6.486186957,0.0,0.012728,0.0,935.892822,0.0,27778.54688,0.0,4.17e-05,0.0,6619.0,0.0,0.0
422,9.051178,48.507703,20.41745308,12.335585,5.487193,8197.344727,39528.60156,0.0,134027.7969,3274.56958,5.13e-05,0.984561579,2896.0,0.0,0.0
423,9.05802,48.52023,48.11250572,16.01276,6.794875,10370.67188,49996.45313,0.0,183691.2813,2905.010742,5.2e-05,0.981801222,3763.0,0.0,0.0
424,9.06255,52.17017,13.76359138,2.509046,1.430478,1008.470032,8770.361328,0.0,61149.71875,664.85498,5.56e-05,0.0,5808.0,0.0,0.0
425,9.117973,49.991518,29.85379841,4.239407,6.298277,3137.280029,30033.83789,0.0,121175.8594,3197.064209,7.09e-05,0.95662538,3457.0,0.0,0.0
426,9.156908,53.896117,24.37764748,9.714169,7.870461,1359.965576,7548.210449,0.0,66865.78125,2335.358398,5e-05,0.746136673,2190.0,0.0,0.0
427,9.169289,47.664361,20.7404496,16.846401,8.199907,11167.20898,58850.04688,0.0,179156.4688,5172.363281,5.06e-05,0.0,1802.0,0.0,0.0
428,9.171544,49.869422,16.94175837,1.718701,1.682467,2782.794678,11409.26856,0.0,95222.69531,4406.949219,6.15e-05,0.982303603,2826.0,0.0,0.0
429,9.172792,48.899233,24.35805145,18.032619,15.384855,10065.94531,61035.30859,0.0,193297.7969,4307.407227,6.92e-05,0.909433208,2932.0,0.0,0.0
430,9.18072,48.78313,55.59234079,84.318871,27.633265,15321.43652,103506.0469,43.1889,280575.6875,1265.298218,7.54e-05,0.981895244,1006.0,0.0,0.0
431,9.18449,48.76871,68.97340274,25.902155,22.055595,12717.04492,88982.91406,105.939804,266451.8125,3274.576416,7.27e-05,0.841250482,2245.0,533.5,533.5
432,9.19003,48.8892,51.09696637,32.115746,16.509239,10854.46387,64397.42188,0.0,223976.5938,4723.024414,6.69e-05,0.979931495,1875.0,0.0,0.0
433,9.19101,48.7881,73.15150748,40.008476,31.783642,14286.35742,109555.2813,95.464691,272256.0,3067.069824,7.7e-05,0.867318649,3400.0,533.5,533.5
434,9.20732,48.488887,24.36594647,20.004919,9.182534,11012.89258,59721.58984,0.0,223637.7031,2068.635254,5.32e-05,0.923650913,4199.0,0.0,0.0
435,9.207639,48.345778,6.448394364,0.037849,0.049299,452.46283,1596.81311,0.0,27625.85742,0.0,3.52e-05,0.007789987,4368.0,0.0,0.0
436,9.21079,48.48933,60.13039067,21.890142,9.307091,10913.11035,60284.38281,112.201035,228028.25,2879.676025,5.3e-05,0.964340148,3770.0,1088.125,1088.125
437,9.224786,49.165508,25.18836153,14.796532,11.341725,6114.329102,46125.77344,0.0,166296.4375,936.571228,7.03e-05,0.797129019,3239.0,0.0,0.0
438,9.22589,49.146,55.56652243,17.184956,10.313997,8878.654297,52859.5625,150.453796,187189.9219,3134.529297,6.97e-05,0.939763182,2307.0,461.5416667,461.5416667
439,9.227769,48.678069,26.91231982,7.9966,9.541493,6708.777832,34669.73438,0.0,103852.5547,3743.318359,6.46e-05,0.998939899,2993.0,0.0,0.0
440,9.229745,48.8088,29.09905041,23.173746,22.29545,13885.68359,99120.50781,0.0,219447.1563,4249.116699,7.61e-05,0.782578605,4257.0,0.0,0.0
441,9.271233,51.360755,8.557771679,0.037841,0.244097,7.328926,2996.959961,0.0,38119.64063,0.0,4.5e-05,0.0,6872.0,0.0,0.0
442,9.363674,54.616669,9.011120409,0.961557,0.187286,795.406982,2351.52832,0.0,27359.81445,1629.714111,3.41e-05,0.526160141,6200.0,0.0,0.0
443,9.399441,50.16443,7.49033507,0.007867,0.025004,82.287575,485.445862,0.0,18234.99805,0.0,4.41e-05,0.0,3796.0,0.0,0.0
444,9.43809,54.78143,32.23885582,24.709896,10.661716,7313.770508,39472.61719,102.388512,171436.5625,2911.616211,3.85e-05,0.916733992,3079.0,767.875,767.875
445,9.459402,50.770381,8.331892252,0.0,0.070401,0.837534,741.03595,0.0,15491.29981,0.0,4.1e-05,0.014899596,5783.0,0.0,0.0
446,9.483397,51.314248,20.78833507,21.340807,14.822007,10571.3418,69357.23438,0.0,232739.5156,5048.882812,5.74e-05,1.000772576,2019.0,0.0,0.0
447,9.485675,47.660056,22.49463387,17.562843,6.234466,8986.521484,30509.98438,0.0,116909.7344,4069.281738,4.66e-05,0.962137381,2547.0,0.0,0.0
448,9.49112,51.312076,39.13886715,33.81284,14.733274,8369.301758,68508.13281,0.0,209174.1719,4904.1875,5.77e-05,1.000771675,1528.0,0.0,0.0
449,9.511769,53.928028,35.44603438,8.265495,2.849758,5208.223145,20554.49219,0.0,113266.2578,3458.1875,4.89e-05,1.000772735,3026.0,252.2916667,252.2916667
450,9.55462,51.70884,8.404893724,0.0,0.011342,1.179139,553.915649,0.0,8386.919922,0.0,4.27e-05,0.0,6456.0,0.0,0.0
451,9.62295,52.82943,12.34266714,0.033263,0.124642,525.527893,2220.520508,0.0,36299.96484,1464.452393,4.93e-05,0.665033969,3608.0,0.0,0.0
452,9.657919,49.634841,13.48823922,5.492264,1.437974,2226.364502,7279.484375,0.0,77169.41406,716.980103,5.2e-05,0.003731905,3842.0,0.0,0.0
453,9.680167,50.546384,20.62199835,14.104665,6.992097,7623.298828,42193.02344,0.0,207500.0469,3035.166992,4.91e-05,0.982507807,1827.0,0.0,0.0
454,9.684854,50.550028,39.6136303,17.872072,7.556146,8001.640625,43619.27344,25.211052,215433.3281,3660.015137,4.94e-05,0.982414778,3149.0,836.75,836.75
455,9.68503,53.52418,12.94533868,1.062887,0.319708,1433.841309,5233.491699,0.0,47424.92188,894.054871,5.87e-05,0.481737414,3908.0,0.0,0.0
456,9.688869,47.557473,24.4578388,6.668662,2.462574,4824.019531,18501.2793,0.0,97649.94531,5002.840332,4.58e-05,1.000734396,5233.0,0.0,0.0
457,9.70612,52.36292,18.1922093,16.257223,17.139261,9134.098633,73575.59375,0.0,242890.3125,2113.083496,6.11e-05,0.675777506,5826.0,0.0,0.0
458,9.7155,52.359478,44.15717033,22.240332,17.922415,9173.106445,70905.05469,75.168282,247188.6875,2279.550537,6.07e-05,0.999735979,1799.0,177.3333333,177.3333333
459,9.733231,49.107878,18.61041425,7.251439,3.069514,4385.723145,18977.86523,0.0,144858.0156,2904.58252,4.99e-05,0.995067215,3125.0,0.0,0.0
460,9.774588,51.291757,6.329484673,0.0,0.003303,0.0,8.181643,0.0,2491.161133,0.0,3.89e-05,0.0,4129.0,0.0,0.0
461,9.786234,53.568124,25.20446846,4.563382,4.416206,1656.222412,24204.95898,0.0,120890.9688,1654.359985,6.74e-05,0.504851998,4421.0,0.0,0.0
462,9.80026,50.970024,15.72436045,4.611543,0.796003,3636.662109,9515.876953,0.0,86448.32031,3812.186523,4.45e-05,1.000722856,2160.0,0.0,0.0
463,9.800325,48.089886,16.36770236,15.180265,5.36945,5103.0,22317.79297,0.0,122679.375,878.187866,4.31e-05,0.927215941,3088.0,0.0,0.0
464,9.832702,53.532075,15.85796704,35.248409,13.751884,1901.083618,23264.92969,0.0,62159.35547,401.266998,7.26e-05,0.201914248,4760.0,0.0,0.0
465,9.84408,53.535958,17.70020533,26.685146,16.252127,5918.007812,26813.79297,0.0,83756.96875,1490.280518,7.55e-05,0.692855537,3662.0,0.0,0.0
466,9.857223,53.480927,12.83061731,6.292647,4.108326,3857.463135,25079.32227,0.0,92607.54688,2094.57959,6.62e-05,0.503828274,4605.0,0.0,0.0
467,9.92833,51.5302,38.32565224,17.346895,8.53116,8986.547852,55550.10938,0.0,190290.1563,4819.274414,4.86e-05,0.953254178,3426.0,396.2083333,396.2083333
468,9.935862,50.497711,5.261620208,0.21407,0.061712,253.04657,887.090332,0.0,25620.45117,0.0,3.33e-05,0.004796521,6163.0,0.0,0.0
469,9.943012,53.555668,46.64577003,25.013302,36.216831,11970.35059,91648.9375,0.0,230325.2656,5383.780273,8.68e-05,0.926296334,3516.0,0.0,0.0
470,9.94458,53.564399,44.10140411,24.072697,27.627209,11892.24023,96741.17969,28.705303,260094.5313,2639.065918,8.48e-05,0.952378243,2240.0,483.0416667,483.0416667
471,9.944815,53.545269,29.77462322,40.883343,45.660076,7668.340332,86150.24219,0.0,177939.875,3444.119385,8.8e-05,0.883233594,,0.0,0.0
472,9.947654,49.790526,37.88735021,12.479074,9.601775,9414.227539,52894.98438,108.391037,190956.7188,4305.725098,5.99e-05,0.90076025,2057.0,508.5833333,508.5833333
473,9.94976,51.55107,15.59048341,11.290537,6.442118,5880.34082,42322.91797,0.0,147527.875,917.907471,4.75e-05,0.185184923,5078.0,0.0,0.0
474,9.95642,49.804695,24.09691772,10.798859,8.172154,6585.372559,48584.9375,0.0,178581.0625,2171.47168,5.81e-05,1.000684007,3554.0,0.0,0.0
475,9.957236,53.560632,48.575116,24.296131,31.835466,11985.28516,96637.03906,52.650749,261880.2031,3025.880859,8.53e-05,0.965745907,3479.0,483.0416667,483.0416667
476,9.967882,53.56414,25.4241142,31.160904,29.282915,11706.42676,95543.83594,0.0,270900.375,2056.76416,8.36e-05,0.512826645,3037.0,0.0,0.0
477,9.979031,48.396836,27.22180784,29.130899,12.865678,10829.85449,54732.38281,0.0,198280.7031,3127.346436,5.85e-05,0.964609444,2607.0,0.0,0.0
478,9.981599,53.529158,32.76347516,33.719387,36.813637,9855.304688,83610.52344,0.0,117941.5,1480.759766,8.82e-05,1.000696455,,0.0,0.0
479,9.990569,53.50793,24.96681091,17.9198,25.516184,9541.226562,76877.67188,0.0,94117.64063,2670.007568,8.17e-05,0.485095817,4338.0,0.0,0.0
480,9.997256,53.681993,39.25682404,13.382681,7.228415,7302.048828,44593.98438,54.294807,171093.4375,2462.917969,6.28e-05,1.000693887,4006.0,674.7916667,674.7916667
481,9.998009,53.638291,21.1868256,29.135727,16.283918,5944.749023,59050.46094,0.0,152820.1719,808.816833,6.91e-05,0.491189555,3738.0,0.0,0.0
