"","AverageHourlyTraffic","long","lat"
"6",941.333333333333,6.98198701,49.41525237
"7",28.125,7.59466706,51.83337406
"11",1142.95833333333,6.96542469,49.60100133
"13",2863.375,9.2877355,53.19533776
"14",2572.70833333333,9.9660325,53.37916596
"15",211.791666666667,6.81745222,50.75955211
"18",688.083333333333,7.0146414,49.34722888
"19",4218.41666666667,8.94822839,53.02759694
"20",3963.58333333333,8.80731667,53.02357124
"21",4872.75,8.87299414,53.03507153
"22",4174.125,7.46259063,51.40099313
"23",859.875,6.97836951,49.47640096
"24",466.208333333333,7.62595482,51.48714712
"25",1501.75,6.83684715,49.87684895
"27",670.083333333333,6.99875523,49.32787027
"28",2225.20833333333,6.79765141,50.83880436
"29",1364.25,7.00272519,49.36782577
"30",751.041666666667,6.97381652,49.57059938
"31",832.958333333333,6.96243098,49.27986791
"33",3971.20833333333,6.91165795,51.00823915
"34",2621.20833333333,7.74398143,52.1583303
"35",1028.95833333333,6.87189014,50.08319972
"36",3158,7.93622592,52.28149925
"37",862.375,6.67070273,50.49285687
"39",1065.70833333333,6.95678203,49.61333587
"41",863.5,6.98932774,49.58985884
"44",476.166666666667,6.95722539,49.29163294
"45",3425.875,7.17333592,51.12403353
"46",4844.29166666667,7.66382597,51.55124562
"47",4154.20833333333,8.97084266,53.03604616
"50",4028.20833333333,8.85923951,52.21056627
"52",3879.75,8.55824098,51.94917628
"55",3923.54166666667,9.49755377,52.40234867
"57",3765.29166666667,7.0747879,51.56421738
"58",3803.83333333333,9.43989026,52.36465323
"59",4546.04166666667,9.52349373,52.41655247
"62",3471.54166666667,9.2851475,52.24351343
"65",3534.625,9.36052721,52.2910758
"68",5255.375,6.86456552,51.53895621
"69",3011.79166666667,8.16590641,51.81759438
"72",3478.45833333333,7.24194345,51.59401481
"73",3299.83333333333,9.15122231,52.2192006
"74",3114.5,9.03837151,52.22031235
"77",3898.66666666667,7.47744975,51.57507373
"79",4260.45833333333,7.77733876,50.45366591
"81",4202.79166666667,7.09134656,50.9184901
"82",5899.04166666667,8.52303283,50.03832243
"83",5133.91666666667,8.4820477,50.02577147
"84",4038.70833333333,9.02991729,49.98827092
"85",3573.91666666667,9.83747929,49.74931005
"86",2688.54166666667,9.79432498,49.75091045
"88",3493.70833333333,7.24245544,50.78080043
"89",3572.75,7.23855953,50.72885478
"92",4227.20833333333,6.86307597,51.34676233
"96",5246,6.92233632,51.21861856
"97",4848.29166666667,6.96680084,51.15105228
"98",5234,7.00231375,51.04765248
"99",6449.375,7.00958203,51.03301976
"103",5850.25,6.81317061,51.48196416
"108",315.875,7.59429238,50.537435
"112",392.875,9.21893582,50.00292855
"118",3561.95833333333,7.75624864,50.48118977
"120",26.4166666666667,9.7148333,49.77375676
"125",3381.91666666667,7.44646752,50.59476202
"127",3364.04166666667,7.37034141,50.63446934
"128",4824.29166666667,6.81907187,51.38841477
"129",1506.625,6.17951768,51.88510268
"130",3802.45833333333,7.9960041,50.41015961
"133",3793.20833333333,7.90610908,50.44873907
"134",3844.75,9.18515248,49.99394136
"135",5381.91666666667,8.85532198,50.06110773
"136",3358.66666666667,8.93008241,50.04519366
"137",3071.04166666667,9.22913755,50.00219934
"138",2556,6.75747458,51.62478463
"139",3983.58333333333,8.24563597,50.24104069
"142",387.666666666667,8.1163085,50.368295
"143",4370.04166666667,8.34918282,50.10223896
"146",5245.75,6.81495654,51.52388995
"147",4797.66666666667,6.98791242,51.06493189
"151",3059.125,7.67398535,50.52362193
"158",4459.91666666667,8.43350377,50.03681776
"159",3492.875,9.88854929,49.74918532
"160",1524.70833333333,6.02932951,50.81429594
"163",409.458333333333,7.04193767,50.91931084
"164",3245.625,6.20857313,50.81414195
"168",4167.54166666667,6.70170677,50.89793813
"169",3937.875,6.69167857,50.89281951
"171",3122.41666666667,7.14457682,50.95023279
"172",3157.79166666667,6.55007521,50.85378971
"174",1481.70833333333,7.66096136,50.96595065
"175",2096.16666666667,7.37074022,50.97107101
"182",5112.95833333333,6.86018232,50.92067006
"186",5752.79166666667,6.98456355,50.89443393
"192",802.541666666667,7.88958286,50.99524346
"193",234.75,6.12857239,50.80277293
"194",2326.45833333333,9.50277084,50.80456522
"195",5649.79166666667,8.60655325,50.16332258
"196",2084.66666666667,8.73412947,50.48821291
"197",411.458333333333,8.71471827,50.45603626
"198",3029.875,8.07649789,48.70382334
"199",2351.58333333333,9.28744233,50.74295513
"200",3165.58333333333,8.63697007,49.40530571
"201",6561.33333333333,8.61471136,50.0741169
"202",240.583333333333,9.03555777,50.68369825
"203",5585.45833333333,8.60327631,49.88457672
"204",2622.54166666667,8.94272696,50.63819838
"205",2938.83333333333,8.62993991,49.60637113
"206",6078.79166666667,8.43661093,48.98399876
"207",188.541666666667,7.5236556,47.67402345
"208",5577.33333333333,8.59423095,50.01282929
"209",70.375,7.53192291,47.77577429
"210",308.25,7.78949761,48.11023837
"211",1987.70833333333,8.81337276,50.59513361
"213",4742.66666666667,8.61358994,49.27077092
"214",278.583333333333,7.71984782,47.97089808
"215",1374.33333333333,7.60335354,47.59082812
"216",4144.125,8.56380906,49.32650205
"217",168.666666666667,8.54214822,49.55597667
"221",257.458333333333,7.53578488,49.41887616
"222",1775.54166666667,7.5208636,49.41491293
"223",1747.45833333333,7.22917042,49.29785321
"229",3460.04166666667,8.55934187,49.53681026
"234",162.708333333333,8.34623448,49.55403187
"235",1598.5,8.3599987,49.55482706
"239",154.333333333333,8.07367819,49.52688272
"242",2053.875,7.27979474,49.330397
"244",1398,7.8577592,49.4605945
"245",1338,7.92731989,49.47994629
"246",1888.04166666667,8.26116396,49.55263356
"248",1649.29166666667,7.32218655,49.35278903
"249",1800.54166666667,7.14816086,49.27259918
"251",2667.95833333333,7.67568094,49.44390056
"252",2521.58333333333,7.61113222,49.42404912
"253",1577.375,7.43711141,49.3881835
"254",4007.83333333333,9.24051724,49.1759046
"255",1515.58333333333,7.81390666,49.45499597
"260",2711.875,9.40532791,49.17711613
"261",1924.41666666667,7.1073179,49.26157042
"263",3694.875,8.6358187,49.27567884
"267",3976,9.54490171,50.81471667
"268",2020.58333333333,9.54185121,50.79827391
"275",2192.04166666667,9.74932702,54.31164716
"276",1648.29166666667,9.76332439,54.29264925
"285",2989.375,9.89175771,52.4203236
"286",2868.41666666667,9.57147698,50.9128031
"288",2934.54166666667,9.49465159,51.043431
"294",825.75,9.34415168,54.77581197
"295",2065.95833333333,9.71208466,50.57966518
"296",2547.75,9.99893975,49.9084187
"297",2896.125,9.87866206,51.5170855
"298",2781.54166666667,9.99526127,52.14701007
"299",1720.16666666667,9.50378447,54.50569303
"300",1843.625,9.68843254,54.35341601
"301",3271.33333333333,9.85981932,52.45778551
"302",3211.75,9.56975043,51.32369795
"305",3188.875,9.6060985,51.35026762
"306",316.916666666667,9.48165919,51.15845324
"310",2098.04166666667,9.74058506,50.51830314
"311",1625.29166666667,9.47013667,54.54194184
"315",1726.70833333333,9.71172533,50.47577062
"316",20.1666666666667,9.61685676,50.75551765
"317",2687.04166666667,9.86364126,52.32466954
"333",3058.70833333333,9.57451898,48.62842846
"338",2105.04166666667,7.24788594,49.31169432
"342",4477.04166666667,9.32528366,48.68428057
"344",1831.79166666667,6.69674464,49.35839831
"345",1438,7.28168814,49.30134762
"346",2316.29166666667,7.09450125,49.31398463
"350",2245.625,7.12580933,49.32348979
"351",1525.79166666667,6.97158267,49.351764
"353",1276.04166666667,6.80376456,49.336728
"354",1070.5,7.36698236,49.22652786
"355",2236.41666666667,7.23739281,49.32022911
"358",18.625,7.2608375,49.30766201
"359",1387.04166666667,6.63370515,49.42157204
"360",2007.45833333333,7.04510674,49.34628981
"366",1266.375,6.89451086,49.33349284
"371",1610.54166666667,6.76669204,49.34261006
"373",1136.08333333333,6.6139777,49.45266382
"374",2127.29166666667,7.13871031,49.32204143
"375",1898.54166666667,7.17363403,49.3258917
"380",1831.375,7.21843581,49.32760005
"488",874.541666666667,9.33571564,54.06586059
"489",892.833333333333,9.3749114,54.05582153
"491",2654.41666666667,9.8815604,53.62633627
"503",765.208333333333,9.57390359,53.54123197
"504",2645.45833333333,8.97268501,53.04962725
"505",3580.54166666667,8.7603414,53.13101278
"506",662.833333333333,8.66353409,53.70646151
"507",1275.95833333333,8.58149455,53.43559304
"509",1003.04166666667,7.58851231,53.25806903
"510",2840.29166666667,8.1928042,53.14663526
"511",2172.54166666667,8.48809189,53.0571603
"512",1984.79166666667,8.69200685,53.01846663
"513",1629.29166666667,8.27589199,53.12814651
"514",1226.33333333333,8.01505869,53.47377725
"515",1054.20833333333,8.19936144,52.99122051
"516",1390.04166666667,8.16795102,53.26071591
"517",85.9166666666667,7.05749653,52.31938977
"518",1976.58333333333,7.81666262,52.25453681
"519",1741.5,8.63037777,52.18674842
"521",3005.33333333333,8.02967234,52.24564804
"522",1527.25,7.32561528,52.33889944
"523",1117.33333333333,7.39905669,53.2304611
"525",741.166666666667,7.22600398,52.8743672
"526",1435.125,6.99988731,51.82856469
"527",850.916666666667,7.32718539,53.36965151
"528",1288.91666666667,7.25743804,52.3264984
"529",990.041666666667,7.20786182,52.4868582
"530",1818.79166666667,8.53215372,51.94313411
"531",1702.29166666667,8.5039933,51.95589038
"532",1234.45833333333,8.09915189,52.26372634
"533",1224.66666666667,8.11010259,52.21773123
"534",1825.08333333333,8.69996206,51.8136076
"535",1614.75,9.89423525,52.43053834
"537",869.916666666667,9.83087603,52.3059287
"538",1095.58333333333,9.97852863,51.39876699
"557",3408.41666666667,6.60615446,51.43618014
"558",2503.91666666667,6.59704422,51.43554021
"562",1453.95833333333,6.25900262,51.38430487
"563",1721.70833333333,6.30937246,51.38934641
"564",1738.125,6.58278753,51.49109753
"566",3609.83333333333,6.80621536,51.48696655
"568",3381.54166666667,7.02814363,51.5130664
"569",3550.625,7.15510085,51.54210176
"570",2792.79166666667,7.51263265,51.90604868
"574",1206.75,6.12337609,50.71966653
"577",2788,6.49098445,51.25077205
"578",1836.70833333333,6.12935408,50.72340742
"580",329.708333333333,6.67167936,51.28835062
"581",1401.75,6.36622935,50.96744656
"582",1214.91666666667,7.04987896,51.35761906
"583",2194.625,8.89195025,51.53444483
"584",2775.70833333333,6.50180443,51.26231423
"585",2136.625,9.17796512,51.40351134
"587",2473.08333333333,8.04810532,51.54587653
"588",386.083333333333,7.68046341,51.52013875
"589",1453.83333333333,8.73737954,50.47256331
"590",3166.45833333333,8.66443072,50.51733255
"591",1649.75,9.03284745,50.09374678
"592",1727.79166666667,9.03575643,50.08345032
"593",1230.5,8.93327939,50.39378824
"594",3516.91666666667,7.5107602,51.44075948
"595",243.375,7.40445436,51.46843073
"596",3286.375,7.38672719,51.50361299
"597",2571.58333333333,7.364986,51.5770474
"598",2494.125,7.92017816,50.89870908
"600",3786.375,7.54729967,51.42399216
"601",2234.95833333333,8.15606498,50.76109713
"602",4899.75,6.94344427,51.19549613
"603",4724.375,6.93125856,51.1932725
"605",1131.41666666667,6.17231646,51.04822911
"606",3553.54166666667,6.775258,51.17116282
"607",861.416666666667,8.16294547,51.36254029
"611",2727.16666666667,6.63151085,51.15151001
"612",879.125,8.11329881,51.3896471
"613",3108.83333333333,7.23761132,51.30762142
"615",2203.04166666667,7.49064358,50.36328292
"616",1202.41666666667,7.47456048,50.3524295
"617",2042.25,7.58912085,50.41246227
"618",2042.125,7.661577,50.44392794
"619",1836.29166666667,7.72416974,50.45125232
"620",2860.875,7.56977256,50.40670909
"621",1739.45833333333,9.42732521,51.2382147
"624",5046.91666666667,6.85477371,51.34725794
"625",739.291666666667,6.12411609,51.21061024
"627",1675.79166666667,7.03561123,51.61958528
"628",4470.16666666667,6.84751157,51.33878315
"629",1313.70833333333,6.26772322,51.20179498
"630",2215.625,6.52055563,51.23587714
"631",2239.41666666667,6.71103917,51.18261013
"632",4800.16666666667,6.71549581,51.17426048
"635",2902.20833333333,6.60285125,51.44027078
"636",3199.33333333333,6.6055801,51.4225071
"637",4109.83333333333,6.74199151,51.1645349
"639",586.083333333333,6.05478025,51.67395783
"640",3393.625,6.63860316,51.28057027
"641",5195.91666666667,6.70153778,51.1764168
"644",1836.125,6.56470155,51.54377713
"645",5004.54166666667,7.14240602,50.76925747
"646",3668.95833333333,7.13807213,50.76091709
"649",2781.33333333333,7.15706699,50.72852753
"650",2636.58333333333,7.06519197,50.914331
"651",2012.54166666667,6.76316439,51.35825755
"652",2312.70833333333,6.90881385,51.13328009
"653",2057.83333333333,6.93856666,51.05042543
"655",272.041666666667,8.18719103,49.99537987
"656",3815.04166666667,8.43973803,49.97551837
"657",2806.5,8.23474215,49.96455257
"658",2741.75,8.1273111,50.00056827
"659",2437.16666666667,8.03982927,49.9828847
"660",227.541666666667,8.01798449,49.97925502
"661",3627.29166666667,8.43580167,49.97510179
"662",2585.16666666667,8.20163824,49.98483587
"663",3347.70833333333,8.26184488,49.96972614
"664",3737.75,8.30524986,49.97020794
"665",382.416666666667,8.35636417,49.97630325
"667",2882.54166666667,8.15093683,50.0007928
"668",4348.875,8.31821173,49.97277831
"669",517.958333333333,6.68375767,50.00886334
"670",288.458333333333,6.18276169,50.2349445
"671",2079,8.10806204,49.77969839
"672",2706.83333333333,6.69241508,50.89875899
"673",2138.16666666667,6.69879239,50.89056985
"674",226.166666666667,7.47655598,50.36288557
"675",2130.29166666667,7.49463178,50.35147173
"676",2597,8.32053732,49.44768385
"677",2319.54166666667,8.12210154,49.75673317
"678",2130.20833333333,7.54764836,50.21560476
"679",210.333333333333,7.59448063,50.16263832
"680",2117.70833333333,8.13151695,49.74992739
"681",2146.29166666667,8.2145798,49.69930501
"682",1996,7.61724706,50.07912349
"683",1971.33333333333,7.62687952,50.07279361
"684",2041.54166666667,7.5952778,50.15356923
"685",2174.54166666667,7.38336151,50.3806794
"686",2082.875,8.34076153,49.39708097
"687",1950.66666666667,8.34067518,49.38806466
"688",1885.16666666667,7.51784801,50.25317629
"690",2732.625,7.13937961,50.57020928
"691",2860.29166666667,7.24984103,50.39247289
"692",2559.45833333333,7.75487232,49.96921578
"693",2842.83333333333,7.19586638,50.52011235
"694",3032.25,6.42454332,51.13483601
"695",3102.66666666667,8.31215381,49.48481195
"696",2321.08333333333,7.29931913,50.38801119
"698",1925.66666666667,7.48692655,50.31000671
"699",2655.33333333333,7.90622526,49.93248774
"700",2777.625,7.22780942,50.44605497
"702",3199.83333333333,7.0510851,50.58526012
"703",121.625,6.17991219,51.33226346
"704",201.291666666667,7.97810705,49.85177841
"705",229,8.28836733,49.60386341
"709",432.958333333333,7.55910457,49.39459277
"710",586.125,7.10936797,49.58452934
"711",589.333333333333,7.23396856,49.57589279
"713",343.958333333333,7.60011259,49.3377525
"715",1419.41666666667,8.10464703,49.77231799
"716",2621.20833333333,8.21454881,49.94642359
"719",2762.625,8.23119014,49.95767301
"720",1922.625,8.16429589,49.87160879
"721",1097.04166666667,7.87761661,49.55614408
"722",1301.95833333333,6.51331835,49.73479402
"723",2101.95833333333,8.31054251,49.43660152
"724",2035.875,8.30123217,49.4300285
"725",1607.95833333333,8.15243964,49.29050154
"726",1568.5,8.15315065,49.28151465
"727",1432.125,8.3468239,49.45171973
"728",1438.45833333333,8.3371551,49.44794377
"729",1878.16666666667,8.21338691,49.082595
"730",886.958333333333,8.75806715,50.1401364
"731",3353.79166666667,8.6230466,50.13518043
"732",169.625,8.85994422,50.1473032
"733",4936.45833333333,8.32113127,50.0559824
"734",2062.70833333333,9.26048995,50.22440978
"735",3909.04166666667,8.49315916,50.01090736
"736",3982,8.46600522,49.98535778
"737",3209.25,8.4755007,49.95633236
"738",3179.25,8.55623537,49.62105175
"740",2547.33333333333,8.55040109,49.88976233
"807",1251.625,9.82558323,49.73186512
"808",5280.54166666667,9.05398098,48.71480285
"810",2329.25,8.77015756,48.4520721
"811",4786.79166666667,9.09839689,48.83732204
"812",5271.625,9.15328527,48.89972145
"813",1586.79166666667,9.34729157,49.21625168
"815",1661.5,8.7880934,47.86112365
"850",1404.625,9.73539256,47.54781275
"853",1503.875,9.79316486,47.69551428
"854",459.958333333333,8.30175444,47.63569787
"855",1145.20833333333,7.68106371,47.6239313
"856",286,8.05245959,47.56839575
"857",1053.66666666667,8.94074958,47.82784141
"886",925.333333333333,9.71891469,54.2939276
"895",1670.625,9.8868039,53.39347447
"896",456.125,7.22903026,53.18079333
"897",1246.125,8.22245911,53.16995156
"898",1983.04166666667,9.71958824,52.475136
"903",885.458333333333,7.88957027,51.55918819
"904",8.875,8.80363012,50.62272476
"905",107.333333333333,6.83224695,51.34939908
"906",1369.75,7.04699541,51.3470433
"907",1575.29166666667,7.08424088,51.26222822
"909",1328.58333333333,6.83475479,50.77988624
"910",314.833333333333,6.96639748,50.8385068
"912",2301.16666666667,7.24752961,50.77564304
"913",2508.5,7.23262237,50.77655677
"914",1852.04166666667,7.29568681,50.77784762
"915",261.541666666667,7.15639558,50.72297017
"916",392.333333333333,7.16469062,50.72618939
"917",4112.875,7.12732695,50.76458785
"918",1602.29166666667,7.05549241,50.63789564
"919",300.541666666667,7.1909541,50.53130668
"921",1769.75,6.70466002,49.78311689
"924",2224.66666666667,6.89554713,49.24728025
"925",1651.375,6.81640264,49.2670996
"926",2124.66666666667,6.7316182,49.30921882
"930",1426,7.0770082,49.31763048
"931",1548.08333333333,7.03229827,49.29607741
"932",1394.375,7.02046104,49.28754207
"934",1645.58333333333,7.0015091,49.27146018
"938",270.041666666667,8.57859127,50.12522298
"939",1392.125,8.307336,49.47570257
"940",2874.75,8.38247948,49.47795857
"941",1928.45833333333,8.33504813,49.4817904
"942",1804.45833333333,8.32135011,49.47959058
"943",3120.45833333333,8.36378785,49.48032528
"944",1781.95833333333,8.54857118,49.45789028
"945",2476.75,8.5658266,49.52481319
"946",4151.54166666667,8.73716824,50.08554098
"947",296.416666666667,8.72384449,50.05527761
"948",3732.20833333333,8.65976489,50.16909378
"949",1260.95833333333,7.7575423,47.55181741
"950",737.833333333333,8.59011187,47.9939808
"953",566.458333333333,6.0293421,50.76989182
"960",523.291666666667,8.92867159,51.85963433
"986",663.5,8.03613889,48.60903044
"987",364.541666666667,9.74892717,52.0653517
"988",685.958333333333,8.66136206,50.44655702
"989",1192.20833333333,8.80456372,50.85780022
"990",706.291666666667,7.85413286,48.09372087
"991",1004.66666666667,8.74501459,50.23442892
"992",553.25,8.50153038,49.01926948
"993",1613.16666666667,8.74311705,50.75670639
"994",267,7.74170927,47.94764187
"995",490.208333333333,8.60924335,49.74114199
"996",291.833333333333,9.81075806,53.32411615
"997",167.458333333333,9.56642748,51.36267361
"1000",99.8333333333333,9.84151366,53.16705998
"1001",483.041666666667,9.90405077,53.72018466
"1010",50.0833333333333,8.95539823,54.630089
"1011",393.5,9.17802752,53.92312866
"1012",253.791666666667,8.90863576,54.8883974
"1017",426.708333333333,9.0729163,54.14834221
"1018",630.333333333333,9.04418167,54.43793934
"1024",510.958333333333,8.95575643,54.31928356
"1030",2069.125,8.80505386,53.0525853
"1033",696,9.2527651,52.61154025
"1034",312.541666666667,9.10331157,52.68098486
"1037",50.375,9.88999252,52.22383489
"1044",610.666666666667,9.12399823,51.49501465
"1046",89.9583333333333,6.14953787,51.88879925
"1048",550.208333333333,8.44609468,50.19726307
"1050",231.375,7.72333785,50.64660732
"1051",1610.91666666667,8.36733855,49.44981194
"1052",196.958333333333,7.53819154,50.39572494
"1053",351.166666666667,7.54999718,50.3899322
"1054",2115.20833333333,8.41880314,49.34943892
"1055",1055.91666666667,8.39663999,49.55190327
"1059",2236.91666666667,8.35808675,49.48576282
"1060",854.541666666667,7.27277446,50.53081057
"1061",490.25,6.81413646,51.11924654
"1062",309.083333333333,6.30457696,51.50540444
"1063",569.083333333333,6.13028833,51.68673544
"1064",437.875,5.96373124,51.81240858
"1065",413.416666666667,6.49725614,51.39824849
"1066",2320.91666666667,8.3594188,49.47735821
"1067",3384,7.570639,50.38264972
"1068",465.625,8.16673592,48.98796049
"1069",853.291666666667,8.33849552,49.88715208
"1070",148,7.71943596,50.11449165
"1071",735.333333333333,7.2307663,50.57594795
"1072",484.333333333333,7.59902786,50.29636347
"1073",1713.08333333333,8.42403055,49.35795748
"1075",1756.45833333333,8.37144275,49.28899668
"1077",333.416666666667,6.98096202,49.41284608
"1078",1073.25,7.58323811,49.23123117
"1079",1245.625,8.07119941,49.20590999
"1080",1862.83333333333,9.64222222,48.69959619
"1081",2877.58333333333,9.36362803,48.71572869
"1082",3015.95833333333,8.29870755,49.03752665
"1084",3323.625,9.12915298,48.84633747
"1085",2463.375,9.97193442,48.41664152
"1086",533.5,8.94924892,48.92759965
"1087",752.333333333333,7.89897947,49.21975823
"1098",508.583333333333,9.99369944,49.72642706
"1103",520.5,8.70834436,48.46145577
"1104",2378.45833333333,9.35204255,48.85359922
"1106",806,9.44229976,48.9767968
"1107",554.625,8.81216686,47.97856683
"1117",771.208333333333,9.6869517,49.28310969
"1121",2178.70833333333,9.97711807,49.81360288
"1136",2947.625,9.16339409,48.71445323
"1137",396.208333333333,9.93653113,51.49555072
"1138",520.625,9.97660998,51.13688049
"1139",427.291666666667,8.59544521,47.66896149
"1140",221.875,9.84361322,50.10221543
"1141",2043.41666666667,9.17720468,48.84274844
"1143",1326.875,9.68560914,50.49164025
"1144",836.75,9.73292074,50.62798183
"1145",1510.95833333333,9.23533603,49.19090971
"1146",134.958333333333,8.57996085,47.80396382
"1147",252.25,9.22719551,49.41991718
"1148",615.25,8.62916277,48.12197157
"1149",296.958333333333,9.89858211,51.05827611
"1150",321.416666666667,9.6075958,49.61970567
"1151",151.083333333333,9.06490089,48.47649699
"1152",337.75,9.1521566,49.00827538
"1153",1088.125,9.03971506,48.506463
"1154",168.208333333333,9.67681262,48.46301582
"1155",1278.29166666667,7.8042394,48.57453028
"1156",369.708333333333,8.1634846,48.46846315
"1157",2306.625,9.44692795,48.80747818
"1158",961.541666666667,9.79055461,48.80440378
"1160",774,9.77624144,47.99322366
"1161",913.041666666667,7.77636097,48.03783561
"1162",780.333333333333,7.7714787,48.04210945
"1163",60.5833333333333,7.58360821,48.02366943
"1164",808.916666666667,8.43171313,47.89625235
"1165",867.708333333333,8.00024311,47.94508404
"1166",1487.16666666667,7.8906686,47.9829531
"1167",822.375,8.26628198,47.90102586
"1168",773.5,9.30694559,47.6835867
"1169",957.875,8.10517766,47.91230184
"1170",896.541666666667,9.6867866,47.57747887
"1171",423.291666666667,9.20586439,48.10710973
"1172",438.833333333333,8.2226249,48.22179136
"1173",215.375,8.22310692,48.22083965
"1174",1247.54166666667,9.09849994,47.70813348
"1175",843.875,9.16107796,47.660126
"1176",907.833333333333,9.02166104,47.73632197
"1177",650.625,8.72432962,47.74094693
"1180",579.458333333333,8.23238439,47.60898938
"1181",58.875,8.3819489,49.22806821
"1182",737.291666666667,8.23745705,48.87333925
"1183",778.375,8.72894675,49.58985259
"1185",431.833333333333,8.82685482,49.81249269
"1186",218.708333333333,7.9540132,49.04743571
"1187",505.666666666667,8.39947229,49.31650884
"1188",1151.54166666667,8.45024975,49.31545428
"1189",1320.08333333333,8.24260722,49.96728789
"1190",451.291666666667,7.15890648,49.61808567
"1191",655.083333333333,7.38865408,49.72675864
"1192",455.75,6.95779412,49.20500966
"1194",33.8333333333333,7.19220882,49.66356566
"1195",1195.625,7.85162606,49.85792648
"1196",206.958333333333,7.16689123,50.72064671
"1197",352.333333333333,7.32070349,50.51656717
"1198",1765.875,7.57246884,50.41746042
"1199",486.958333333333,7.42078537,50.44563895
"1200",886.958333333333,7.61014291,50.30556574
"1201",867.708333333333,7.21948333,50.61744583
"1203",8,7.61465017,50.37325239
"1204",693.416666666667,8.45662834,49.62620287
"1205",1283.79166666667,8.91266135,50.16741974
"1206",707.25,8.99261478,49.76940532
"1208",245.541666666667,7.83244606,49.58977741
"1209",591.291666666667,7.62301816,50.34007704
"1210",22.375,7.16884015,50.15537418
"1211",3.29166666666667,7.55547508,50.34469993
"1212",868.208333333333,8.36139201,50.54110485
"1213",554.125,6.50694735,49.71431379
"1215",865.333333333333,6.51415922,49.96405369
"1216",627.291666666667,6.788788,49.28082475
"1217",491.166666666667,6.51029462,50.3676885
"1219",261.916666666667,8.01954877,52.11539708
"1220",1142.45833333333,6.62216073,49.72429494
"1221",650.125,6.54151838,49.90583835
"1222",458.208333333333,6.61923438,49.48174849
"1223",372.208333333333,7.80613428,51.99479989
"1224",659.916666666667,8.20232886,52.33533567
"1225",471.333333333333,7.06806492,49.11665858
"1226",76.375,7.7342398,51.9809596
"1227",696.458333333333,6.69422665,50.46194501
"1228",249.708333333333,8.61893961,52.78165971
"1229",294.5,6.53638432,49.64403464
"1233",1351.04166666667,7.4950071,52.02037975
"1234",86.375,7.67590585,51.77253353
"1235",444.375,8.0639536,50.500024
"1236",877.958333333333,7.484241,51.59681009
"1237",343.625,7.67406423,51.84210535
"1238",255.25,7.57400561,51.1843527
"1239",1348.83333333333,7.99761181,50.94836505
"1240",545.541666666667,7.66742051,51.10330629
"1241",190.25,7.91812317,51.00823064
"1242",329.916666666667,7.56968685,51.63706008
"1243",465.541666666667,7.68297739,51.0238508
"1244",666.708333333333,7.64193512,50.99287793
"1245",452.666666666667,6.59644147,50.94587562
"1246",238.541666666667,8.02100481,51.12183217
"1247",297.625,8.34465392,51.4245316
"1248",957.875,7.21259985,50.81468459
"1249",141.208333333333,5.91163411,50.99561464
"1251",346.041666666667,6.09058064,50.73879119
"1252",756.083333333333,6.14852819,50.8648446
"1253",412.041666666667,6.53490306,51.59491798
"1254",468.833333333333,6.35048158,51.15458049
"1255",291.541666666667,7.48547014,51.78007466
"1257",374.958333333333,6.30528152,51.5053051
"1258",539.291666666667,6.53467659,51.59277645
"1259",177.75,6.22361517,51.41041709
"1260",736.083333333333,6.76057001,51.00434142
"1261",983.291666666667,8.91556675,52.26084649
"1262",597.541666666667,8.33639925,51.86213018
"1264",379.208333333333,8.95622765,52.38733359
"1265",401.833333333333,8.77615419,52.70371415
"1266",680.291666666667,8.79303711,50.85729967
"1268",292.458333333333,7.89050612,50.81954665
"1270",149.791666666667,8.12534227,50.93281421
"1271",349.875,9.59760131,50.79440545
"1272",419.416666666667,8.46908444,50.92134013
"1273",249.875,7.75923894,51.79144295
"1274",444.833333333333,9.48156409,51.83990824
"1275",407.458333333333,9.00530933,51.72758476
"1277",428.375,8.52698462,51.77507809
"1278",466.166666666667,9.44139953,52.33064424
"1279",960.125,9.00215117,52.25961465
"1281",143.875,8.61071635,51.99711004
"1282",267.666666666667,7.95369682,52.58944387
"1283",681.041666666667,8.37680776,52.05126334
"1284",1298.45833333333,8.03551938,52.32121454
"1286",463.458333333333,8.22806524,52.81036912
"1287",1.95833333333333,7.13572592,52.11824039
"1288",318.083333333333,7.38577398,52.44443257
"1289",246.333333333333,6.84897789,52.07949371
"1290",492.25,7.42994448,53.12880288
"1291",102.208333333333,6.81518484,51.76484861
"1293",386.791666666667,9.07811166,53.49460146
"1294",410.875,8.70994898,53.47631906
"1296",191.916666666667,9.82105438,52.99626624
"1299",8.16666666666667,7.49974528,53.45508661
"1300",246.583333333333,7.63925847,53.20282349
"1301",554.625,7.32355801,53.47594673
"1302",490.875,8.75967022,53.82735879
"1304",225.333333333333,9.51135308,53.57538904
"1305",1884.79166666667,8.70992705,53.047419
"1307",446.125,9.27330167,53.1187364
"1308",480.875,9.80992885,53.32534172
"1309",531.333333333333,9.80965282,54.48524016
"1313",252.291666666667,9.55330575,53.95177228
"1314",274,9.65106947,54.07856263
"1315",358.708333333333,9.57537204,54.34896497
"1318",217.125,9.99302048,51.38049752
"1321",62.7916666666667,9.49436022,51.65095851
"1326",147.125,9.46792159,51.63697406
"1327",626.083333333333,9.78317368,50.98309388
"1328",251.875,9.36627528,51.73209862
"1329",449.25,9.17825021,52.19583161
"1331",206.166666666667,9.41109685,51.89093352
"1506",767.875,9.49200792,54.80341163
"1507",531.375,9.32010351,54.77779918
"1511",495.166666666667,9.41433364,54.82696962
"1513",266.875,9.50652644,54.30051924
"1514",27.125,8.89698011,54.33990028
"1520",517.541666666667,9.69619387,54.33422788
"1521",586.75,9.82302613,54.48891732
"1522",393.291666666667,9.81735263,54.43796695
"1523",336.125,8.94099759,54.1551654
"1525",313.291666666667,9.14462917,54.19774692
"1535",585.125,7.311396,53.46906622
"1536",452.458333333333,8.35313459,53.26998309
"1537",288.166666666667,8.53108139,53.11055048
"1538",386.083333333333,7.63633336,52.7102046
"1539",675.666666666667,7.24486857,52.49238079
"1540",400.708333333333,7.03748046,52.40535149
"1541",862.583333333333,8.002806,52.82749675
"1544",226.083333333333,8.62797395,52.61287093
"1546",854.625,9.65520394,52.30967227
"1547",421.958333333333,7.61927084,52.12867444
"1548",567.75,6.24477089,51.86514188
"1549",244.875,6.1928319,51.13330689
"1550",514.375,6.19972476,51.22489393
"1551",657.333333333333,6.10725059,51.03187944
"1552",1712.29166666667,6.98429246,51.5390976
"1553",430.625,7.35325493,51.41010971
"1554",927.833333333333,7.18313883,51.53654922
"1555",168.208333333333,8.09043672,51.48933985
"1556",567.125,7.58696567,51.20450361
"1557",537.833333333333,7.00256001,51.13470484
"1558",353.541666666667,6.60873804,51.17043332
"1559",440.791666666667,7.36688047,51.69755302
"1560",601.416666666667,8.06269507,51.11158014
"1561",1246.33333333333,7.54664085,51.47410143
"1563",263.875,8.31390808,51.16379926
"1564",300.791666666667,7.8196795,51.24574574
"1565",255.583333333333,8.28046911,51.1521488
"1566",263.791666666667,8.52010314,51.19377032
"1567",255.166666666667,8.52964333,51.19452704
"1568",162.833333333333,7.49301064,51.11190666
"1569",995.208333333333,8.7119295,52.08515723
"1570",642.625,8.82771273,51.97137679
"1571",247.25,9.33198645,51.81194404
"1572",156.791666666667,8.60020436,52.53065843
"1573",260.166666666667,9.35527786,51.65947042
"1595",314.291666666667,9.1701971,51.69907211
"1596",313.291666666667,8.88752702,51.18118099
"1597",433.458333333333,9.52323438,51.13122711
"1598",525.541666666667,8.46791312,50.91867227
"1599",498.291666666667,9.1671761,51.12727141
"1600",44.9166666666667,9.38474526,50.65287317
"1601",388.666666666667,9.25983193,50.92986928
"1602",74.8333333333333,7.84862273,50.46651551
"1603",403.291666666667,8.2250379,50.65500744
"1604",439.75,7.26928473,50.34949129
"1605",247.625,7.50323561,51.10029964
"1606",356.916666666667,6.46832971,49.88703708
"1608",285.5,6.95128606,50.46807637
"1610",24.4166666666667,6.74139343,50.38640797
"1611",11.875,6.60034697,50.44281684
"1612",795.291666666667,6.17912562,50.68644465
"1613",620.875,6.17490529,50.6872676
"1614",567.166666666667,6.26357321,50.57355117
"1615",90.5,7.02773926,50.35085334
"1616",234.75,7.05756089,50.18562068
"1617",829.291666666667,7.26971791,50.36781462
"1618",405.041666666667,6.04491144,50.73499473
"1619",279.5,6.5734541,50.83432417
"1620",496.375,6.38897122,50.81323339
"1621",526.083333333333,6.78533158,50.80071315
"1622",17.7916666666667,6.55572446,50.67061045
"1623",643.833333333333,7.2209867,50.55493536
"1624",185.041666666667,6.34032644,50.60240194
"1625",162.875,7.00896843,50.51816931
"1626",317.291666666667,7.65523798,49.29114103
"1627",549.833333333333,8.18291663,49.54646804
"1628",95.375,9.43538127,50.11497199
"1629",70.5,9.1994707,50.43817302
"1630",45.75,9.30774146,50.26426186
"1631",231.208333333333,9.91750454,50.43848181
"1637",1021.91666666667,6.65465897,51.34739013
"1640",606.041666666667,9.74841806,49.52360914
"1642",201.958333333333,9.22811748,49.39989214
"1643",461.541666666667,9.06282981,49.14645307
"1644",185.75,8.41368109,48.35794311
"1645",890.958333333333,7.96740531,48.08893296
"1660",401.75,9.45638473,48.0998968
"1661",384.083333333333,7.89046088,47.77492398
"1664",503.958333333333,7.52152079,50.25205622
"1665",25.5,7.51167016,50.23988479
"1666",261.375,7.39934402,50.02770648
"1667",46.125,7.54809405,47.81412615
"1671",35.6666666666667,7.96576854,53.08576835
"1672",235.625,7.26936262,52.98458526
"1673",459,7.0730247,52.72153496
"1674",186.833333333333,6.80731165,52.61477666
"1677",273.791666666667,6.37868311,49.54027857
"1678",506.791666666667,6.37466583,49.54133446
"1679",289,7.02672687,49.1923364
"1680",198.833333333333,7.09337882,52.84663922
"1681",344.625,7.55258373,50.3434905
"1682",276.875,8.16363055,50.30149865
"1684",199.708333333333,6.37692564,49.54126466
"1685",378,6.37235574,49.47060256
"1687",24,8.09803731,49.09599027
"1688",393.208333333333,7.76906573,49.15865027
"1689",298.958333333333,9.65233374,54.07908927
"1696",423.791666666667,7.84725838,53.44843231
"1697",260.625,7.84963903,53.44559217
"1698",738.083333333333,8.51024561,53.43749534
"1699",177.333333333333,9.57996141,52.39008266
"1700",435.125,9.47170855,52.17652568
"1701",228.541666666667,9.96853814,52.32922809
"1703",346.208333333333,9.90538437,51.63229059
"1705",421.5,9.21935926,51.3042331
"1706",707.333333333333,8.97672786,50.82403127
"1707",778.958333333333,8.56245142,50.28614553
"1708",350.583333333333,8.29024158,50.48281487
"1709",336.416666666667,9.09680841,50.28906338
"1710",44.75,8.83205754,50.52273734
"1711",735.708333333333,8.73190363,50.066474
"1712",147.208333333333,8.95288318,49.61632752
"1713",53.9166666666667,8.41097329,48.23052573
"1714",426.958333333333,8.35345165,48.73180088
"1716",585.458333333333,9.22061027,49.70319887
"1722",408.791666666667,7.73455904,52.14569773
"1723",268.416666666667,6.6967579,51.12716587
"1724",234.916666666667,6.68998915,51.02578593
"1725",317.125,7.58706199,50.86323899
"1726",230.083333333333,8.40759599,51.06890788
"1727",147.375,8.57152924,51.44046781
"1728",432.875,8.54007355,51.21724197
"1729",970.125,8.6527875,49.99986895
"1733",770.25,8.11253139,48.83268359
"1738",400.083333333333,6.13122582,51.68618777
"1740",192.208333333333,7.25893872,51.07085275
"1741",205.291666666667,7.35024008,50.82542264
"1742",438.208333333333,8.31411052,51.16531741
"1745",370.583333333333,8.85404379,52.1891773
"1746",9.45833333333333,8.93902631,52.158231
"1747",221.541666666667,8.56875559,51.44014215
"1748",242.375,8.04863168,51.50472158
"1749",595.791666666667,7.94721362,47.54663757
"1750",1225.29166666667,8.72957982,50.16434712
"1751",798.125,7.59614946,47.60120836
"8",2640.95833333333,10.42880292,53.79184164
"9",2670.33333333333,10.6702294,53.8916775
"10",3519.91666666667,10.18046539,53.56327624
"16",4457.54166666667,10.0289479,53.41029356
"38",1154.95833333333,10.78102643,54.10379261
"40",871.125,10.88208029,54.29984259
"49",3133.875,11.16569948,52.20768356
"53",3107.33333333333,11.47244949,52.17854897
"63",2738.45833333333,11.71015819,52.22161621
"64",3817.04166666667,10.05086064,52.37384795
"66",2413.875,12.75021946,52.34067409
"67",3568,10.32390521,52.33826201
"70",3555.95833333333,10.21456023,52.34394314
"71",3178.25,10.24755182,52.33652326
"75",3646.70833333333,10.4604584,52.32808636
"76",2075.95833333333,12.14492998,52.24389139
"78",3661.83333333333,10.48310191,52.3226451
"87",2176.20833333333,11.30551384,49.39795561
"91",3044.54166666667,10.07921913,49.7742874
"93",1718.91666666667,12.92977988,48.82191416
"94",4060.79166666667,11.0227042,49.54115116
"95",3731.875,10.98305259,49.56011538
"100",1918.91666666667,11.25529647,49.45415266
"101",4355.29166666667,11.21792788,49.46625023
"104",3313.95833333333,12.07535774,48.99107416
"105",2464.875,12.03033273,48.99562304
"109",4118.04166666667,11.06509815,49.5273463
"110",3023.95833333333,10.93124967,49.57676419
"111",2643.16666666667,10.55680653,49.76112846
"113",296.583333333333,10.88261594,49.66712278
"115",4307.70833333333,11.14865091,49.49329572
"116",4480.5,11.17906348,49.47525095
"119",2695.20833333333,10.72620092,49.73140237
"123",2940.95833333333,10.05851942,49.76228284
"132",2652.16666666667,10.47297718,49.77013722
"140",2657.33333333333,10.26205774,49.78140656
"144",1656.33333333333,11.47989321,49.31516976
"145",1819,11.93573767,49.03566576
"148",1323.70833333333,13.40514367,48.41777725
"149",2764.45833333333,10.82745274,49.72285701
"150",2797.58333333333,10.80637361,49.7356507
"152",2828.20833333333,12.1712834,49.00060794
"153",3094.91666666667,12.14530366,48.99727592
"155",2453.58333333333,12.22520018,48.99260718
"161",2624.29166666667,13.75971871,51.14166108
"162",4167,13.74769459,51.1251655
"166",2498.83333333333,10.96948315,50.89766645
"167",2496.125,10.94428221,50.89249019
"173",1907.875,14.16696198,51.18316973
"176",2696.20833333333,13.06800331,50.9522484
"177",2092.375,10.72570439,50.90148399
"180",1566.58333333333,10.20111267,51.00743358
"181",1628.45833333333,12.66213636,50.8158235
"183",1062.25,15.00490939,51.18221014
"184",1438.91666666667,12.37042124,50.83604728
"185",1181.58333333333,14.7888682,51.20775627
"187",1620.29166666667,12.21994464,50.87192047
"188",3992.45833333333,13.4811553,51.05930653
"189",2465.66666666667,11.55915073,50.87513223
"190",2184.41666666667,13.91698921,51.16879904
"191",2514.08333333333,11.30388412,50.94324565
"218",139.708333333333,11.32497501,49.40814958
"219",2224.45833333333,10.24888809,49.20894304
"220",2226.04166666667,10.2198621,49.2047837
"224",1793.83333333333,11.21221484,49.39804701
"226",3387.125,11.06885301,49.33828809
"227",843.541666666667,12.1804093,49.52588336
"228",814.708333333333,12.14846621,49.49783971
"230",812.458333333333,12.00017297,49.42226969
"231",2321.33333333333,10.63780099,49.25061448
"232",2344.75,10.4686922,49.24931705
"236",2332.29166666667,10.85466273,49.31568352
"237",2376.125,10.7497421,49.29950976
"241",989.5,11.97449336,49.39912435
"257",3071.91666666667,11.05080587,49.32559245
"259",263.791666666667,11.00395029,49.3099954
"262",671.708333333333,12.50608989,49.63176413
"264",1173.5,10.37300972,47.67953838
"271",1118.08333333333,10.09893934,49.77069402
"272",1191.5,10.2258879,49.21427543
"278",1204.375,10.10239311,49.71892541
"280",871.75,10.46056224,47.65397667
"281",1267.66666666667,10.23633217,49.26937541
"283",1889.375,10.06739648,50.0394718
"284",1888.66666666667,10.04122462,50.06845069
"289",2558.91666666667,10.0305322,53.14945814
"290",1199.04166666667,10.22608621,49.21407455
"291",2191.08333333333,10.09853101,51.81073275
"303",2563.45833333333,10.06476737,49.98947466
"304",1999,10.0849499,48.49816485
"308",86.9583333333333,10.51152827,47.64044917
"312",703.25,10.65913003,47.56791645
"313",732.958333333333,10.65548477,47.60537454
"323",1974.08333333333,11.42508226,48.18617134
"327",3368.5,11.91082569,47.83017947
"331",3446.16666666667,11.15189083,48.34207751
"332",3439.33333333333,11.09851116,48.3727418
"334",4081.54166666667,10.93829629,48.40683488
"335",4521.875,10.88174543,48.41438438
"336",3294.41666666667,10.85591033,48.41565435
"339",2698.16666666667,10.38119107,48.42694429
"340",4493.375,11.36968014,48.22088887
"343",3745.91666666667,10.97814716,48.40161311
"347",2455.125,12.38918719,47.83238379
"356",2891.75,10.22508859,48.43047611
"357",2859.29166666667,10.20624538,48.44708483
"365",3062.33333333333,10.809054,48.41969371
"367",3702.04166666667,11.23040154,48.29528804
"370",2859.75,12.13809192,47.80598654
"378",3864.91666666667,11.2830118,48.27433463
"381",2800.16666666667,10.61032972,48.40984
"382",268.458333333333,10.58406843,48.40904851
"383",1756.79166666667,11.78782361,50.33523548
"384",2337.29166666667,11.80181154,50.31020582
"385",3029.25,11.60950967,50.03676836
"386",2884.95833333333,11.60443866,50.01851274
"390",3494.91666666667,11.2075623,49.31279514
"392",527.958333333333,11.62258898,48.20776891
"395",3351.41666666667,11.25933054,49.47336274
"396",4646.375,11.20462153,49.42080046
"397",4464.70833333333,11.19665977,49.40179965
"398",2845.20833333333,11.20210599,49.38807204
"399",3139,11.21761089,49.24398408
"400",2708,11.60775286,49.95164107
"401",2816.83333333333,11.60732188,49.98140335
"402",2763.45833333333,11.77929948,50.21018999
"403",2717.58333333333,11.75382612,50.17874002
"404",2425.79166666667,11.50909947,49.72809457
"406",2654.08333333333,12.12393545,51.28185176
"407",2770.08333333333,11.83930418,50.92450845
"410",6078.08333333333,11.6471254,48.25821797
"411",3064.54166666667,11.33106425,49.05120449
"412",2751.625,12.17844686,51.3342811
"416",3198.04166666667,11.29117128,49.50422704
"417",3227.125,12.18838709,51.35628602
"418",3683.70833333333,11.46580769,48.80529843
"419",4177.25,11.47460354,48.7277313
"420",4859.375,11.61879614,48.20018021
"421",3830.33333333333,11.6084749,48.18533873
"422",2038.08333333333,12.75924109,52.13863908
"423",2303.08333333333,11.51466568,49.73456329
"424",3028.25,12.04596012,51.22371396
"426",182.416666666667,11.79356461,50.54965203
"427",2399,12.35498042,51.8610632
"428",261.833333333333,12.20612662,51.44148904
"429",2140.29166666667,13.78698524,52.42549042
"431",2295.5,13.52467708,52.61631602
"432",2998.45833333333,13.30201798,52.30730937
"434",2553.625,13.16385721,52.70572044
"435",2116.29166666667,13.56683887,52.64129141
"436",1289.33333333333,13.6713221,52.85638528
"437",517.666666666667,14.28386314,53.31739998
"438",176.416666666667,14.07192627,52.33465498
"439",1158.83333333333,14.52798316,52.31708232
"440",1846.33333333333,13.74690569,51.14414024
"442",1997.25,13.61529248,52.19603734
"443",1586.70833333333,13.72654267,51.24708503
"446",1765.375,11.54400802,52.15509116
"447",2129.66666666667,12.69314892,51.26481066
"448",2370.04166666667,12.56171125,51.31018601
"449",280.125,12.37282344,51.40887701
"450",1700.58333333333,13.2259172,51.09229549
"451",2245.33333333333,12.50403208,51.34928188
"452",498.708333333333,11.50586639,53.43619199
"453",2044.04166666667,12.17178861,51.43234398
"454",1474.25,11.96039902,51.5693915
"455",2513.58333333333,12.29365037,51.41560203
"457",1759.33333333333,11.59715222,52.05751353
"458",1451.54166666667,11.67749712,51.7270497
"459",2485.54166666667,12.2783327,51.41678242
"460",1793.29166666667,11.64333863,52.02665074
"461",2513.875,12.21980347,51.42462121
"462",1583.58333333333,11.66397969,51.99476192
"463",2403.79166666667,12.40519017,51.40186094
"464",1647.375,11.54647759,52.07763129
"465",1727.75,11.53126299,52.09569783
"468",380.791666666667,14.75124912,51.66675466
"469",218.833333333333,13.60781449,51.04631149
"470",642.125,13.88096961,50.80480187
"471",1730.04166666667,13.78855987,50.98223116
"472",1200.125,12.20069386,53.99748292
"473",706.291666666667,12.3830906,53.46077817
"474",886.75,12.16770095,54.11774144
"475",14.2916666666667,12.19606107,54.10330049
"477",643.833333333333,13.35014652,53.90513968
"479",1451.33333333333,11.91866138,53.98015238
"480",578.625,13.74491597,53.53174094
"481",804.666666666667,12.54820251,54.01230582
"482",1305.95833333333,11.15868927,53.82266799
"483",1646.45833333333,12.14244503,54.01972724
"494",2390.08333333333,10.2171742,53.5577617
"495",1587,10.74230788,53.53488463
"496",1229.45833333333,11.34192727,53.46328782
"497",2301.41666666667,12.99644805,52.71526434
"498",1300.5,11.56723187,53.40780015
"499",1155.70833333333,12.34738567,53.17052999
"500",1833.04166666667,12.6163697,52.98644625
"502",1247.95833333333,10.28882899,53.46066868
"539",1564.95833333333,12.3742847,51.24748425
"540",1171.75,11.2337649,51.45148768
"541",1801.29166666667,12.41155677,51.24766656
"542",1525.08333333333,12.28176034,51.26197791
"543",1403.83333333333,12.25331237,51.2604115
"544",1697.45833333333,12.47712691,51.26364986
"545",1392,12.12026934,51.23552702
"546",1281.45833333333,11.92434651,51.34375785
"547",1314.25,12.03179093,51.2403255
"548",1266.45833333333,11.43439618,51.43571623
"549",1008.16666666667,10.38485443,51.39863942
"550",2089.83333333333,10.48773777,52.20789429
"551",3407.125,10.5184533,52.23602563
"552",1474.70833333333,10.72436731,52.30295764
"553",1354.95833333333,10.26159345,53.33285147
"554",1611.375,10.73821259,52.42913938
"742",1008.25,11.5947842,50.02697142
"743",1871.625,10.10804188,50.00041105
"744",1984.25,10.16840663,50.02121562
"745",2041.95833333333,10.15774282,50.0131102
"746",1063.125,10.92728845,49.93157676
"747",1906,10.90725348,49.92483574
"748",1902.20833333333,10.87043951,49.91988608
"749",1283.70833333333,10.72033283,49.96628899
"750",1532.375,10.31236689,50.02613166
"751",2091.91666666667,10.88806771,49.9222636
"752",1087.875,10.62968958,49.97806867
"753",1260.95833333333,10.41501062,50.0028014
"754",1859.45833333333,10.19911562,50.02160792
"755",174.458333333333,10.22817337,50.02275827
"756",1584.875,10.24857221,50.02690664
"757",1388.875,10.81331477,49.92548494
"758",1105.75,10.54255318,49.98304209
"759",976.958333333333,10.65713992,50.61584273
"760",0.75,10.63774337,50.60916622
"761",1015.75,10.15785411,50.02180662
"762",1232.375,10.9456645,50.90153736
"763",1338.41666666667,10.97003534,50.89234453
"764",987.666666666667,10.6790912,50.63720466
"765",573,10.44938955,50.51185632
"767",564.958333333333,10.3914204,50.42878647
"768",1019.83333333333,10.14984215,50.13024904
"769",997.583333333333,10.68910183,50.669108
"770",593.5,11.21381306,51.27081806
"771",1368.125,11.80137089,50.32936392
"772",1601.125,11.97704256,50.38902142
"773",1583.58333333333,11.95305065,50.37981273
"774",200.875,12.25780837,50.53989995
"775",1589.66666666667,12.00352941,50.39688166
"776",1778.20833333333,12.42771375,50.63224198
"777",2548.625,12.81648045,50.77209283
"778",994.666666666667,12.74517894,50.89298996
"779",1180.16666666667,11.20020831,49.3602636
"780",610.166666666667,10.64423905,50.60280235
"781",1780.04166666667,10.91097628,49.93518681
"782",3414.625,10.99106615,49.56790328
"783",28.7083333333333,10.99292785,49.55165903
"784",2482.04166666667,10.92179518,49.92523924
"785",252.875,11.03028134,49.65144787
"787",2025.20833333333,10.94929451,49.88587337
"788",205.958333333333,10.9734902,49.85846754
"789",19.7916666666667,11.05108583,49.76514484
"790",269.5,10.99273022,49.53696671
"792",3233.20833333333,10.99085419,49.58761479
"794",2063.625,11.0194489,49.800707
"795",2869.25,11.00753908,49.62591206
"797",3650.375,11.12554307,49.38497429
"798",1965.375,11.14903505,49.37385709
"799",2388.41666666667,10.94004501,49.91174356
"801",60.7083333333333,10.91587314,50.37984403
"802",3733.54166666667,11.07369255,49.40199116
"803",2981.33333333333,11.01516201,49.47246024
"804",1846.54166666667,11.17862333,49.36752758
"805",706.208333333333,11.00748688,50.16686764
"806",1079.66666666667,11.01691,50.15815805
"816",2532.41666666667,11.53367972,48.24495409
"823",1836.45833333333,12.11390852,48.56996311
"824",1390.08333333333,12.64836728,48.6885354
"825",2664.125,11.53469968,48.25963991
"826",916.083333333333,11.96403906,50.37926833
"827",2136.20833333333,12.08999666,47.79482472
"828",1492.625,12.18077432,49.50541742
"830",1977.58333333333,12.1505882,47.71147526
"831",1626,12.19529464,47.6060248
"832",2771.125,12.06069619,49.00709262
"834",1914.91666666667,12.15459238,49.31919088
"835",1000.66666666667,12.09939781,50.15366608
"836",1161.58333333333,11.86063601,48.74539476
"837",1500.58333333333,12.15217097,49.5261282
"842",941.375,12.40571395,48.24783831
"843",2604.5,11.42157285,48.02372557
"845",3091.70833333333,11.49816872,48.10067303
"847",4273.83333333333,11.4378082,48.12741893
"849",1738.66666666667,10.02167962,47.86937332
"851",4322.58333333333,11.49133804,48.12400907
"852",1643.25,10.3768895,48.03758192
"858",3190.08333333333,11.56448447,48.22693209
"862",4795.75,11.74935711,48.15746696
"863",4614.375,11.75912289,48.13373584
"864",2520.375,11.4376574,48.19115543
"865",3325.45833333333,11.39938406,48.1556177
"866",5081.125,11.65240389,48.20668853
"868",4981.41666666667,11.52123881,48.22261325
"870",384.083333333333,11.73510692,48.07969138
"872",5035.375,13.41272748,52.46090577
"873",581.875,13.3241072,52.47788393
"877",2048.54166666667,13.24845781,52.62270352
"878",4497.375,13.30148816,52.54916706
"880",4043.04166666667,13.45818833,52.45860099
"882",1463.125,13.43798044,52.61889325
"883",2671.625,13.18695103,52.40199943
"884",3445.625,13.26570958,52.49320913
"885",281.75,11.85693185,51.46683798
"887",1273.83333333333,10.02985175,54.30644474
"888",2896.16666666667,10.07522369,54.31113751
"889",1522.58333333333,10.02715729,54.25022859
"901",1037.75,10.51540801,52.28168669
"902",1045.91666666667,10.50620864,52.05451467
"951",1213.875,11.39575707,48.00512629
"952",238.166666666667,11.5907296,48.09064708
"954",101.625,11.20344532,52.22310326
"955",224.291666666667,12.11576745,52.37624268
"956",360.041666666667,11.76366365,52.18836763
"957",279.666666666667,12.83959072,52.39192418
"958",232.375,10.22761994,52.2234348
"961",283.708333333333,12.67874907,52.40843413
"962",1495.125,13.62684646,52.50353859
"963",206.375,14.61103284,52.57274391
"964",915.541666666667,13.18105821,52.41877439
"965",1005.70833333333,13.76420352,52.49595477
"966",343.625,13.9860538,52.99763743
"967",946.208333333333,10.79623811,48.71583649
"968",366.166666666667,12.12327844,51.01223677
"969",152.75,14.32531127,53.15529478
"970",348.875,11.96164179,50.78580571
"971",19.125,12.70999231,51.93157108
"973",728.958333333333,13.48454457,52.58579668
"974",1926.08333333333,12.38896652,51.23603226
"975",382.125,11.25917976,47.42308252
"976",180.583333333333,14.40643203,53.28036386
"980",699,12.65216179,51.86014356
"981",233.708333333333,12.20559203,51.12075165
"982",982.041666666667,11.06647762,49.33063958
"983",452.708333333333,13.0007395,52.27135843
"984",697.375,10.98811297,49.03261038
"985",433.541666666667,13.04565035,52.34725098
"1002",454.791666666667,10.92909136,51.09833238
"1003",641.625,10.45240835,53.15647076
"1006",330.541666666667,10.80935754,51.41111255
"1007",379.041666666667,11.16456861,50.32580863
"1008",26.125,10.4918093,52.75549591
"1009",376.166666666667,10.50900227,52.56038243
"1013",1203.875,13.05788259,52.53411021
"1015",426.5,11.53339451,53.29869788
"1022",461.875,12.83055303,52.61474302
"1023",137.625,13.12078866,52.52893764
"1025",526.208333333333,11.48149151,51.78112906
"1026",957.583333333333,10.88336799,51.83990504
"1027",344,11.79710694,51.79765885
"1028",504.208333333333,12.5666587,51.36021674
"1031",438.791666666667,12.04839671,51.44185125
"1032",385.458333333333,14.51148679,51.16228786
"1035",370.25,13.45578142,51.17859245
"1036",47.9583333333333,10.374784,52.00712556
"1039",355.666666666667,10.87717637,50.94748444
"1041",936.916666666667,11.09024746,50.98357444
"1042",587.666666666667,11.2720127,50.97180656
"1045",431.916666666667,11.33657225,49.32055684
"1047",809.75,10.10218023,49.76082402
"1049",29.7083333333333,12.48229616,48.90573542
"1090",641.208333333333,12.0626537,48.50022972
"1092",834.625,10.7229551,48.01783002
"1093",698.083333333333,10.35884075,47.74394717
"1099",588.416666666667,11.19981158,48.88036278
"1100",253.708333333333,10.42566276,49.41010753
"1108",552.833333333333,12.11816822,48.83634436
"1109",582.166666666667,12.21209652,48.66870151
"1110",905.625,11.91919434,50.2887877
"1111",422.458333333333,12.1997821,48.08995978
"1113",32.6666666666667,10.82075664,47.62922986
"1115",608.708333333333,10.26909767,47.4566986
"1116",235.875,10.31883709,50.93169267
"1118",420.791666666667,10.38893924,50.61876841
"1119",1215.16666666667,10.29545295,47.64885792
"1120",327.333333333333,10.07916832,49.94734083
"1122",415.5,12.77789839,48.40564064
"1123",722.041666666667,12.77494917,48.40296183
"1124",513.25,12.84652374,49.32352234
"1125",454.375,12.93863496,47.92615692
"1126",662.708333333333,12.74362109,49.24872986
"1127",315.958333333333,12.84981641,47.69261768
"1128",478.041666666667,12.76317853,47.67129176
"1129",726.291666666667,12.15414342,49.71000044
"1130",131,10.60358042,49.82753578
"1131",46.7916666666667,12.18202308,49.67374411
"1132",143.625,12.47805779,49.42367084
"1134",189.541666666667,10.42527756,48.98837912
"1135",528,10.68469444,48.78986142
"1159",864.958333333333,10.06702402,48.83496729
"1267",407.041666666667,10.05394171,50.83388734
"1269",589.958333333333,10.27354962,50.79656415
"1276",279.791666666667,10.07647474,51.86417269
"1280",156.916666666667,10.03191115,52.31089867
"1295",229.333333333333,11.25890346,52.69717759
"1297",152.875,10.79704138,52.92934565
"1298",626.833333333333,11.45818681,52.27220305
"1306",509.916666666667,10.27378524,53.77665363
"1316",146.291666666667,10.9601218,51.92430533
"1317",234.666666666667,10.58525984,52.15610227
"1319",511.625,11.78306011,51.47873039
"1322",258.625,10.94081797,51.81693705
"1324",757.333333333333,11.54437412,52.05950648
"1325",575.125,10.98515216,51.86809237
"1332",177.166666666667,10.20867207,50.91661684
"1333",506.541666666667,11.77651937,49.46637811
"1334",135.583333333333,11.23761863,51.1952661
"1335",37.7083333333333,11.07607453,51.3935236
"1339",155.958333333333,13.9860866,51.9879175
"1342",219.416666666667,11.53723503,51.08267001
"1343",154.458333333333,13.42600128,51.73432948
"1344",350.666666666667,12.94821117,51.54494347
"1345",610.541666666667,11.83845229,51.14415759
"1346",310.208333333333,10.38264758,50.96088996
"1348",230.5,11.23353426,50.69300099
"1349",351.333333333333,10.39227829,50.931459
"1350",110.208333333333,10.9740713,50.40983554
"1351",202,11.24347907,50.31094451
"1353",761.416666666667,11.98074406,51.38472994
"1354",539.25,11.99035859,51.34164126
"1355",4.83333333333333,12.02597366,51.15713874
"1356",535.708333333333,11.97336384,51.23849183
"1357",310.208333333333,12.22961625,50.35213489
"1358",78.5,12.31155623,50.18215914
"1359",275.25,12.11076361,50.71792372
"1360",320.041666666667,12.42449139,50.94551375
"1361",184.625,11.94471093,50.6308438
"1362",12.875,13.01890885,50.44708769
"1364",549,13.38542559,52.62505822
"1366",823.875,13.450959,52.32074266
"1367",268.958333333333,13.19089398,53.05562989
"1368",15.7083333333333,13.84769199,51.61180724
"1369",775.041666666667,13.22590691,52.80800831
"1370",614.916666666667,13.14899873,54.33869343
"1371",514.75,13.17610002,54.16938679
"1372",367.583333333333,13.09944184,53.39390369
"1373",356.791666666667,13.46474146,52.18458077
"1374",411.333333333333,14.36289867,51.61831202
"1375",398.166666666667,14.21130495,51.42350041
"1376",132.041666666667,14.68804987,51.90298619
"1377",171.583333333333,14.68539248,51.9036056
"1378",1063.625,12.08913148,51.52225791
"1380",723.291666666667,12.71976777,50.57162777
"1381",151.166666666667,13.35749316,51.58436358
"1382",617.458333333333,13.33090582,50.89197758
"1384",14.2916666666667,12.62008104,52.18365182
"1385",10.9583333333333,13.22407897,51.91964664
"1386",1350.91666666667,12.06306803,54.13394173
"1387",133.083333333333,12.06747413,54.08898556
"1388",420.25,12.21788362,53.84250847
"1389",191,11.56446571,53.69749978
"1390",251.375,12.2940218,53.77136665
"1391",199.458333333333,13.01337021,53.63819856
"1392",194.125,10.86764445,53.87937981
"1393",454.708333333333,10.83675611,53.88379595
"1394",100.791666666667,13.62497497,53.46682131
"1395",260.916666666667,14.09702888,53.48916367
"1396",748.166666666667,12.00190056,54.11073314
"1397",799.666666666667,12.21914028,54.13346048
"1398",553.583333333333,12.31374723,54.20241946
"1399",325.125,11.55065666,53.89883973
"1400",306.5,12.81846286,54.30184797
"1401",371.083333333333,13.26867726,54.1950335
"1403",695.458333333333,12.23549717,54.1628693
"1404",252.625,10.88430948,53.8886738
"1405",320.666666666667,11.4306719,53.79196418
"1406",205.458333333333,12.42903239,51.74017059
"1407",223.541666666667,12.74944613,51.18957888
"1408",74.875,12.47146026,51.9917349
"1409",259.708333333333,12.03261415,52.49227486
"1410",128.125,12.06098869,52.76043934
"1412",251.625,13.83063669,53.71740581
"1413",38.0416666666667,13.59226816,53.99895328
"1414",286.75,13.59485432,53.99636862
"1415",344.416666666667,13.73182579,53.81297548
"1416",362.291666666667,13.69125502,53.87756048
"1417",148.5,13.08336517,53.9031347
"1419",348.625,13.69658551,53.88368907
"1420",344.791666666667,13.93866096,53.88236002
"1421",53.4583333333333,13.84398836,54.0641863
"1422",388.208333333333,13.59586021,53.99832046
"1423",211.708333333333,14.07791643,53.98231594
"1424",217.75,13.59164498,53.99714643
"1425",441,14.07593871,53.98415254
"1426",452.708333333333,14.56348615,52.27420977
"1427",176.208333333333,14.67695628,52.02579393
"1428",57.125,14.62488648,51.87673977
"1430",197.75,14.60982493,51.70813967
"1431",121.791666666667,12.93762596,53.06096685
"1432",916.541666666667,13.58870041,52.58338449
"1433",473.041666666667,14.0558879,52.82103345
"1434",332.125,13.82823634,52.67590176
"1435",295.375,14.28914102,53.05405943
"1436",241.708333333333,14.18015383,53.12164485
"1437",15.0833333333333,14.45400944,52.46024306
"1438",57.75,14.39772212,52.50221052
"1439",205.25,13.99029177,52.79350783
"1440",189.708333333333,12.58471646,52.87380312
"1441",144.291666666667,13.13204,52.89304844
"1442",157.583333333333,13.5540959,52.85613639
"1443",213.041666666667,14.10892111,52.51904848
"1444",188.958333333333,14.39133776,51.86522258
"1445",396.083333333333,14.26604604,51.69062008
"1446",414.375,13.10088758,51.1394645
"1447",300.375,13.09903731,50.97402418
"1448",154,12.5581265,50.54835686
"1449",27.8333333333333,13.57896482,51.46920358
"1450",78.25,13.75738725,50.73532323
"1451",387.25,13.66879585,50.86643282
"1452",571.125,13.71092708,50.96452372
"1453",202.833333333333,13.23847815,50.65329589
"1454",322.75,14.09193571,50.9233052
"1455",12.9583333333333,14.23331732,50.88882515
"1456",470.708333333333,13.55853594,51.03151585
"1457",547.625,11.38217534,50.24172399
"1458",319.791666666667,12.39825352,50.67275006
"1461",152.583333333333,12.77038818,50.79147634
"1462",241.875,12.59869188,50.74832339
"1463",917.583333333333,12.99541329,50.7908228
"1464",283,13.1621211,50.61489018
"1465",241.333333333333,13.22401861,50.54840223
"1466",166.166666666667,12.78911085,51.04478624
"1467",153.708333333333,11.27822995,51.19638651
"1468",498.083333333333,10.86682794,51.07728275
"1469",173.458333333333,11.7954688,51.20486017
"1470",446.375,10.70216716,51.09469918
"1471",79.75,13.74132581,52.1537959
"1472",212.291666666667,11.77926853,51.18650493
"1473",373.083333333333,11.4580781,51.68228659
"1474",59.4583333333333,12.02409811,51.35880701
"1475",345.75,12.08831874,51.66189741
"1476",94.75,12.50096092,51.61876776
"1477",292.041666666667,12.22988574,51.73290039
"1478",225.583333333333,12.01074813,52.01704109
"1479",60.9166666666667,11.19951329,51.71591863
"1480",255.208333333333,12.31137389,51.88787177
"1481",373.833333333333,12.72299155,51.85957224
"1482",209.958333333333,11.29755053,52.50917823
"1483",182.208333333333,11.19700415,52.4897473
"1484",496,11.98082109,52.5665163
"1485",246.583333333333,10.2249912,52.47553675
"1487",179.291666666667,12.1145658,52.55526426
"1488",17.5833333333333,12.0481777,53.12408358
"1489",3.41666666666667,12.39905324,53.14903038
"1490",30.6666666666667,11.7347018,52.82255764
"1491",320.125,11.77746228,52.72272322
"1492",143.666666666667,11.68412616,52.8910595
"1493",242.166666666667,11.21145558,52.84045672
"1494",265.041666666667,11.23369118,53.14976276
"1495",232.875,11.97706972,53.44751301
"1496",244.416666666667,11.62883415,53.85287307
"1497",42.5416666666667,12.75326974,53.52470468
"1498",14.0833333333333,13.11721055,54.0642484
"1499",70.5416666666667,11.54176751,53.10070932
"1500",41.75,10.82661078,53.32318742
"1501",5.66666666666667,13.47674269,54.40543073
"1504",83.5,13.49867973,53.44541767
"1505",165.708333333333,12.74642206,53.3147671
"1512",220.916666666667,10.73002437,54.29720404
"1516",599.083333333333,10.24868126,54.27982272
"1517",418.666666666667,10.31050947,54.27851597
"1518",586.375,10.29658879,54.27713969
"1519",391.708333333333,10.34756565,54.28108907
"1530",365.875,10.53699468,53.5444942
"1531",610.375,11.1293342,54.42325988
"1533",98.6666666666667,10.88500944,53.69332928
"1534",175.791666666667,10.14658139,53.09785061
"1542",466.5,10.38324697,52.37484374
"1574",196.375,10.32194691,51.77302859
"1576",115.125,11.23085902,51.59798284
"1577",142.791666666667,11.38006262,51.62189598
"1578",109,10.51603582,51.76113693
"1579",267.791666666667,10.10809032,52.0135107
"1581",488.541666666667,10.16706104,51.85324721
"1582",146.916666666667,10.94161754,52.12480932
"1584",251.333333333333,10.76996009,51.88417287
"1585",92.5833333333333,11.26847306,52.14767957
"1586",91.375,11.58479607,51.99813839
"1587",286.791666666667,11.2993211,52.0160489
"1588",354.5,10.32784617,51.32711858
"1589",274.75,10.31510046,51.45207534
"1590",266.125,10.68733175,50.99917796
"1591",139.208333333333,11.00956456,52.68183776
"1592",296.458333333333,11.17160713,52.94959018
"1594",10.5416666666667,10.25026055,51.18286603
"1632",35.7916666666667,11.49112118,50.66442213
"1633",155.041666666667,11.08664949,50.4763496
"1634",43.5416666666667,10.13809284,50.53944787
"1635",217.75,10.12274468,50.6762229
"1636",376.541666666667,10.27930126,49.95001461
"1638",406.041666666667,11.00313071,50.16512452
"1641",307.208333333333,10.06622983,49.09951112
"1646",425.041666666667,11.81857942,49.43291464
"1647",474.041666666667,11.00709615,48.37553203
"1648",602.541666666667,11.29714434,48.56878471
"1649",475.458333333333,11.71064575,48.29105237
"1650",241.541666666667,11.78882997,50.06015543
"1652",68.0416666666667,12.53520985,47.9955687
"1653",112.291666666667,12.99250794,47.83731738
"1654",1181.20833333333,11.45642739,48.23001988
"1655",533.916666666667,12.61638952,47.90504969
"1656",316.833333333333,12.66766039,47.86947915
"1657",615.375,12.65792407,47.87556106
"1658",64.3333333333333,11.83049925,48.07627081
"1659",145.625,12.47606455,47.71463907
"1663",450.25,11.33614448,53.55644488
"1670",96.9583333333333,11.84950261,53.56636114
"1675",722.708333333333,10.35781879,53.70710628
"1690",29.2083333333333,10.0471098,54.06980708
"1691",674.791666666667,10.06842278,53.7086309
"1692",292.125,10.6554362,54.04216582
"1702",393.25,10.24879077,52.36133457
"1718",99.125,11.3068839,49.77632051
"1719",1140.20833333333,11.3500193,48.23449102
"1730",219.208333333333,11.1061958,52.98004749
"1732",29.0416666666667,10.38316601,51.75331133
"1734",408.208333333333,10.86353619,54.11995163
"1735",920.958333333333,10.20482713,54.33330623
"1736",1847.25,10.12176917,54.36117208
"1739",415.708333333333,10.82538504,49.73129332
"1752",39.7916666666667,13.37279482,48.84568129
